,奀潔 (s),嫖髡薹(米W)
1,794.5,240.6
2,794.6,319.4
3,794.7,331.9
4,794.8,372.8
5,794.9,164.3
6,795.0,267.8
7,795.1,426.8
8,795.2,496.6
9,795.3,283.9
10,795.4,265.8
11,795.5,349.1
12,795.6,245.0
13,795.7,313.4
14,795.8,89.6
15,795.9,-48.4
16,796.0,-166.1
17,796.1,-392.2
18,796.2,-728.5
19,796.3,-985.8
20,796.4,-1000.0
21,796.5,-1000.0
22,796.6,-1000.0
23,796.7,-1000.0
24,796.8,-1000.0
25,796.9,-1000.0
26,797.0,-1000.0
27,797.1,-1000.0
28,797.2,-1000.0
29,797.3,-1000.0
30,797.4,-1000.0
31,797.5,-1000.0
32,797.6,-1000.0
33,797.7,-1000.0
34,797.8,-1000.0
35,797.9,-1000.0
36,798.0,-1000.0
37,798.1,-1000.0
38,798.2,-1000.0
39,798.3,-1000.0
40,798.4,-1000.0
41,798.5,-1000.0
42,798.6,-1000.0
43,798.7,-1000.0
44,798.8,-1000.0
45,798.9,-1000.0
46,799.0,-1000.0
47,799.1,-1000.0
48,799.2,-1000.0
49,799.3,-1000.0
50,799.4,-1000.0
51,799.5,-968.0
52,799.6,-1000.0
53,799.7,-1000.0
54,799.8,-1000.0
55,799.9,-1000.0
56,800.0,-1000.0
57,800.1,-1000.0
58,800.2,-1000.0
59,800.3,-1000.0
60,800.4,-1000.0
61,800.5,-1000.0
62,800.6,-1000.0
63,800.7,-962.4
64,800.8,-833.9
65,800.9,-1000.0
66,801.0,-1000.0
67,801.1,-1000.0
68,801.2,-1000.0
69,801.3,-1000.0
70,801.4,-894.5
71,801.5,-961.8
72,801.6,-1000.0
73,801.7,-1000.0
74,801.8,-1000.0
75,801.9,-1000.0
76,802.0,-971.6
77,802.1,-1000.0
78,802.2,-1000.0
79,802.3,-1000.0
80,802.4,-1000.0
81,802.5,-1000.0
82,802.6,-1000.0
83,802.7,-1000.0
84,802.8,-1000.0
85,802.9,-1000.0
86,803.0,-985.4
87,803.1,-1000.0
88,803.2,-1000.0
89,803.3,-1000.0
90,803.4,-832.6
91,803.5,-1000.0
92,803.6,-1000.0
93,803.7,-1000.0
94,803.8,-1000.0
95,803.9,-851.3
96,804.0,-1000.0
97,804.1,-1000.0
98,804.2,-1000.0
99,804.3,-892.9
100,804.4,-1000.0
101,804.5,-877.0
102,804.6,-1000.0
103,804.7,-1000.0
104,804.8,-1000.0
105,804.9,-832.5
106,805.0,-840.1
107,805.1,-1000.0
108,805.2,-1000.0
109,805.3,-1000.0
110,805.4,-1000.0
111,805.5,-1000.0
112,805.6,-838.5
113,805.7,-1000.0
114,805.8,-1000.0
115,805.9,-1000.0
116,806.0,-1000.0
117,806.1,-881.9
118,806.2,-1000.0
119,806.3,-1000.0
120,806.4,-1000.0
121,806.5,-1000.0
122,806.6,-1000.0
123,806.7,-1000.0
124,806.8,-1000.0
125,806.9,-939.0
126,807.0,-852.1
127,807.1,-1000.0
128,807.2,-1000.0
129,807.3,-1000.0
130,807.4,-1000.0
131,807.5,-1000.0
132,807.6,-1000.0
133,807.7,-1000.0
134,807.8,-814.9
135,807.9,-1000.0
136,808.0,-1000.0
137,808.1,-1000.0
138,808.2,-1000.0
139,808.3,-1000.0
140,808.4,-1000.0
141,808.5,-878.7
142,808.6,-809.2
143,808.7,-1000.0
144,808.8,-1000.0
145,808.9,-1000.0
146,809.0,-1000.0
147,809.1,-1000.0
148,809.2,-1000.0
149,809.3,-1000.0
150,809.4,-1000.0
151,809.5,-1000.0
152,809.6,-1000.0
153,809.7,-1000.0
154,809.8,-834.1
155,809.9,-1000.0
156,810.0,-1000.0
157,810.1,-1000.0
158,810.2,-1000.0
159,810.3,-1000.0
160,810.4,-1000.0
161,810.5,-1000.0
162,810.6,-1000.0
163,810.7,-1000.0
164,810.8,-1000.0
165,810.9,-1000.0
166,811.0,-1000.0
167,811.1,-1000.0
168,811.2,-1000.0
169,811.3,-916.3
170,811.4,-1000.0
171,811.5,-896.3
172,811.6,-1000.0
173,811.7,-1000.0
174,811.8,-829.7
175,811.9,-864.5
176,812.0,-867.8
177,812.1,-1000.0
178,812.2,-1000.0
179,812.3,-1000.0
180,812.4,-1000.0
181,812.5,-882.4
182,812.6,-1000.0
183,812.7,-1000.0
184,812.8,-1000.0
185,812.9,-1000.0
186,813.0,-1000.0
187,813.1,-1000.0
188,813.2,-1000.0
189,813.3,-1000.0
190,813.4,-1000.0
191,813.5,-1000.0
192,813.6,-1000.0
193,813.7,-1000.0
194,813.8,-1000.0
195,813.9,-1000.0
196,814.0,-1000.0
197,814.1,-1000.0
198,814.2,-1000.0
199,814.3,-1000.0
200,814.4,-1000.0
201,814.5,-1000.0
202,814.6,-1000.0
203,814.7,-1000.0
204,814.8,-1000.0
205,814.9,-1000.0
206,815.0,-1000.0
207,815.1,-1000.0
208,815.2,-1000.0
209,815.3,-1000.0
210,815.4,-1000.0
211,815.5,-1000.0
212,815.6,-1000.0
213,815.7,-812.0
214,815.8,-973.3
215,815.9,-1000.0
216,816.0,-1000.0
217,816.1,-841.7
218,816.2,-1000.0
219,816.3,-1000.0
220,816.4,-918.0
221,816.5,-1000.0
222,816.6,-808.8
223,816.7,-1000.0
224,816.8,-1000.0
225,816.9,-1000.0
226,817.0,-957.3
227,817.1,-749.0
228,817.2,-772.9
229,817.3,-553.5
230,817.4,-397.8
231,817.5,-291.0
232,817.6,-363.1
233,817.7,-346.2
234,817.8,-343.3
235,817.9,-313.4
236,818.0,-275.2
237,818.1,-308.1
238,818.2,-262.2
239,818.3,-290.8
240,818.4,-254.2
241,818.5,-274.5
242,818.6,-195.7
243,818.7,-220.0
244,818.8,-239.8
245,818.9,-207.0
246,819.0,-214.0
247,819.1,-201.7
248,819.2,-197.4
249,819.3,-176.3
250,819.4,-171.2
251,819.5,-179.0
252,819.6,-137.0
253,819.7,-158.7
254,819.8,-129.5
255,819.9,-131.0
256,820.0,-106.1
257,820.1,-116.1
258,820.2,-148.9
259,820.3,-117.1
260,820.4,-60.9
261,820.5,-90.6
262,820.6,-101.0
263,820.7,-153.2
264,820.8,-62.5
265,820.9,-63.8
266,821.0,-100.2
267,821.1,-108.0
268,821.2,-89.3
269,821.3,-55.7
270,821.4,-38.1
271,821.5,-14.8
272,821.6,18.0
273,821.7,95.3
274,821.8,64.4
275,821.9,118.6
276,822.0,49.9
277,822.1,91.5
278,822.2,58.8
279,822.3,138.1
280,822.4,174.8
281,822.5,194.3
282,822.6,124.7
283,822.7,181.5
284,822.8,236.3
285,822.9,138.8
286,823.0,181.5
287,823.1,218.8
288,823.2,201.2
289,823.3,186.3
290,823.4,242.3
291,823.5,224.9
292,823.6,203.6
293,823.7,185.1
294,823.8,219.1
295,823.9,200.0
296,824.0,205.3
297,824.1,226.1
298,824.2,243.0
299,824.3,212.3
300,824.4,225.8
301,824.5,211.8
302,824.6,185.4
303,824.7,209.9
304,824.8,246.3
305,824.9,281.9
306,825.0,241.1
307,825.1,223.4
308,825.2,309.0
309,825.3,286.7
310,825.4,193.5
311,825.5,209.9
312,825.6,232.3
313,825.7,224.8
314,825.8,230.7
315,825.9,273.1
316,826.0,224.8
317,826.1,265.6
318,826.2,223.1
319,826.3,256.2
320,826.4,252.8
321,826.5,298.5
322,826.6,171.9
323,826.7,259.4
324,826.8,307.8
325,826.9,263.2
326,827.0,272.7
327,827.1,253.9
328,827.2,227.1
329,827.3,256.3
330,827.4,265.5
331,827.5,223.1
332,827.6,257.1
333,827.7,238.3
334,827.8,253.1
335,827.9,276.3
336,828.0,203.6
337,828.1,236.4
338,828.2,201.4
339,828.3,195.4
340,828.4,209.0
341,828.5,228.5
342,828.6,269.9
343,828.7,345.1
344,828.8,309.9
345,828.9,280.5
346,829.0,359.9
347,829.1,327.7
348,829.2,202.6
349,829.3,256.4
350,829.4,238.0
351,829.5,334.2
352,829.6,212.9
353,829.7,303.8
354,829.8,265.4
355,829.9,253.0
356,830.0,239.2
357,830.1,253.0
358,830.2,221.8
359,830.3,239.2
360,830.4,232.2
361,830.5,214.5
362,830.6,215.9
363,830.7,121.2
364,830.8,85.9
365,830.9,61.4
366,831.0,103.4
367,831.1,97.7
368,831.2,57.1
369,831.3,32.3
370,831.4,-3.9
371,831.5,3.9
372,831.6,-40.3
373,831.7,-42.6
374,831.8,-85.5
375,831.9,-131.2
376,832.0,-141.3
377,832.1,-124.2
378,832.2,-160.9
379,832.3,-206.6
380,832.4,-268.5
381,832.5,-267.4
382,832.6,-312.0
383,832.7,-298.0
384,832.8,-329.6
385,832.9,-327.1
386,833.0,-346.6
387,833.1,-389.4
388,833.2,-421.7
389,833.3,-438.4
390,833.4,-431.5
391,833.5,-483.6
392,833.6,-502.0
393,833.7,-522.5
394,833.8,-563.6
395,833.9,-584.1
396,834.0,-591.4
397,834.1,-646.7
398,834.2,-685.2
399,834.3,-736.3
400,834.4,-765.5
401,834.5,-842.0
402,834.6,-863.9
403,834.7,-917.8
404,834.8,-909.2
405,834.9,-968.2
406,835.0,-937.1
407,835.1,-987.9
408,835.2,-989.6
409,835.3,-1000.0
410,835.4,-1000.0
411,835.5,-1000.0
412,835.6,-1000.0
413,835.7,-1000.0
414,835.8,-976.5
415,835.9,-990.2
416,836.0,-1000.0
417,836.1,-1000.0
418,836.2,-1000.0
419,836.3,-1000.0
420,836.4,-1000.0
421,836.5,-947.8
422,836.6,-976.6
423,836.7,-854.0
424,836.8,-1000.0
425,836.9,-1000.0
426,837.0,-1000.0
427,837.1,-967.4
428,837.2,-1000.0
429,837.3,-904.6
430,837.4,-1000.0
431,837.5,-1000.0
432,837.6,-1000.0
433,837.7,-1000.0
434,837.8,-1000.0
435,837.9,-1000.0
436,838.0,-1000.0
437,838.1,-1000.0
438,838.2,-1000.0
439,838.3,-1000.0
440,838.4,-934.8
441,838.5,-985.0
442,838.6,-943.9
443,838.7,-751.4
444,838.8,-686.1
445,838.9,-529.4
446,839.0,-613.8
447,839.1,-368.7
448,839.2,-286.7
449,839.3,-136.3
450,839.4,-81.4
451,839.5,13.6
452,839.6,92.2
453,839.7,222.3
454,839.8,191.3
455,839.9,108.4
456,840.0,513.4
457,840.1,-157.6
458,840.2,156.8
459,840.3,70.5
460,840.4,304.3
461,840.5,202.1
462,840.6,494.3
463,840.7,480.7
464,840.8,-35.7
465,840.9,-212.9
466,841.0,344.8
467,841.1,-3.2
468,841.2,-307.9
469,841.3,-374.3
470,841.4,-532.7
471,841.5,-453.9
472,841.6,-588.4
473,841.7,-779.9
474,841.8,-884.6
475,841.9,-958.2
476,842.0,-972.4
477,842.1,-970.8
478,842.2,-1000.0
479,842.3,-1000.0
480,842.4,-1000.0
481,842.5,-1000.0
482,842.6,-1000.0
483,842.7,-1000.0
484,842.8,-1000.0
485,842.9,-1000.0
486,843.0,-1000.0
487,843.1,-1000.0
488,843.2,-1000.0
489,843.3,-1000.0
490,843.4,-1000.0
491,843.5,-1000.0
492,843.6,-1000.0
493,843.7,-1000.0
494,843.8,-1000.0
495,843.9,-1000.0
496,844.0,-1000.0
497,844.1,-839.8
498,844.2,-1000.0
499,844.3,-1000.0
500,844.4,-1000.0
501,844.5,-815.4
502,844.6,-1000.0
503,844.7,-1000.0
504,844.8,-1000.0
505,844.9,-1000.0
506,845.0,-915.6
507,845.1,-1000.0
508,845.2,-1000.0
509,845.3,-1000.0
510,845.4,-749.1
511,845.5,-915.6
512,845.6,-1000.0
513,845.7,-832.3
514,845.8,-1000.0
515,845.9,-1000.0
516,846.0,-1000.0
517,846.1,-1000.0
518,846.2,-1000.0
519,846.3,-1000.0
520,846.4,-1000.0
521,846.5,-1000.0
522,846.6,-1000.0
523,846.7,-1000.0
524,846.8,-1000.0
525,846.9,-1000.0
526,847.0,-1000.0
527,847.1,-964.5
528,847.2,-865.3
529,847.3,-1000.0
530,847.4,-1000.0
531,847.5,-1000.0
532,847.6,-953.1
533,847.7,-1000.0
534,847.8,-1000.0
535,847.9,-1000.0
536,848.0,-993.0
537,848.1,-866.5
538,848.2,-780.4
539,848.3,-636.7
540,848.4,-601.7
541,848.5,-533.2
542,848.6,-475.5
543,848.7,-428.8
544,848.8,-386.0
545,848.9,-377.4
546,849.0,-321.5
547,849.1,-338.0
548,849.2,-356.4
549,849.3,-307.6
550,849.4,-242.1
551,849.5,-202.9
552,849.6,-152.5
553,849.7,-158.4
554,849.8,-163.2
555,849.9,-134.0
556,850.0,-172.0
557,850.1,-170.1
558,850.2,-151.7
559,850.3,-110.5
560,850.4,-90.4
561,850.5,-106.0
562,850.6,-130.2
563,850.7,-41.6
564,850.8,12.2
565,850.9,-47.9
566,851.0,-53.3
567,851.1,-8.3
568,851.2,36.8
569,851.3,102.3
570,851.4,163.1
571,851.5,181.0
572,851.6,165.1
573,851.7,217.3
574,851.8,201.7
575,851.9,239.0
576,852.0,287.9
577,852.1,195.7
578,852.2,251.0
579,852.3,248.0
580,852.4,224.9
581,852.5,224.1
582,852.6,219.8
583,852.7,207.9
584,852.8,209.0
585,852.9,224.8
586,853.0,248.0
587,853.1,210.6
588,853.2,211.9
589,853.3,299.5
590,853.4,212.9
591,853.5,211.6
592,853.6,258.3
593,853.7,249.1
594,853.8,197.1
595,853.9,284.2
596,854.0,244.2
597,854.1,228.3
598,854.2,183.0
599,854.3,204.5
600,854.4,220.0
601,854.5,178.7
602,854.6,212.9
603,854.7,205.9
604,854.8,206.4
605,854.9,177.9
606,855.0,199.1
607,855.1,249.5
608,855.2,162.6
609,855.3,265.4
610,855.4,183.3
611,855.5,317.5
612,855.6,328.1
613,855.7,237.7
614,855.8,319.2
615,855.9,343.7
616,856.0,267.1
617,856.1,321.3
618,856.2,334.8
619,856.3,259.4
620,856.4,298.7
621,856.5,333.1
622,856.6,325.2
623,856.7,326.0
624,856.8,292.8
625,856.9,329.1
626,857.0,309.7
627,857.1,270.2
628,857.2,317.5
629,857.3,257.8
630,857.4,262.6
631,857.5,283.9
632,857.6,298.9
633,857.7,315.0
634,857.8,260.4
635,857.9,306.5
636,858.0,301.1
637,858.1,294.6
638,858.2,255.7
639,858.3,324.8
640,858.4,269.5
641,858.5,311.8
642,858.6,281.1
643,858.7,287.3
644,858.8,274.4
645,858.9,350.6
646,859.0,342.2
647,859.1,339.3
648,859.2,331.8
649,859.3,383.0
650,859.4,469.0
651,859.5,367.7
652,859.6,333.0
653,859.7,241.7
654,859.8,301.1
655,859.9,261.0
656,860.0,267.8
657,860.1,324.0
658,860.2,364.0
659,860.3,356.8
660,860.4,375.2
661,860.5,520.7
662,860.6,159.6
663,860.7,160.5
664,860.8,157.2
665,860.9,169.3
666,861.0,212.3
667,861.1,353.8
668,861.2,60.4
669,861.3,242.4
670,861.4,227.0
671,861.5,88.3
672,861.6,611.1
673,861.7,283.8
674,861.8,309.0
675,861.9,532.2
676,862.0,344.7
677,862.1,491.5
678,862.2,367.3
679,862.3,566.3
680,862.4,274.3
681,862.5,254.5
682,862.6,146.9
683,862.7,243.7
684,862.8,270.7
685,862.9,488.7
686,863.0,299.5
687,863.1,198.6
688,863.2,324.2
689,863.3,407.2
690,863.4,503.4
691,863.5,459.8
692,863.6,448.7
693,863.7,364.8
694,863.8,357.9
695,863.9,312.5
696,864.0,180.0
697,864.1,-24.0
698,864.2,-223.8
699,864.3,-616.5
700,864.4,-791.8
701,864.5,-968.8
702,864.6,-1000.0
703,864.7,-1000.0
704,864.8,-992.0
705,864.9,-1000.0
706,865.0,-1000.0
707,865.1,-1000.0
708,865.2,-1000.0
709,865.3,-1000.0
710,865.4,-1000.0
711,865.5,-911.9
712,865.6,-890.1
713,865.7,-868.2
714,865.8,-903.3
715,865.9,-980.8
716,866.0,-1000.0
717,866.1,-1000.0
718,866.2,-1000.0
719,866.3,-1000.0
720,866.4,-1000.0
721,866.5,-1000.0
722,866.6,-1000.0
723,866.7,-1000.0
724,866.8,-1000.0
725,866.9,-1000.0
726,867.0,-1000.0
727,867.1,-1000.0
728,867.2,-1000.0
729,867.3,-1000.0
730,867.4,-1000.0
731,867.5,-1000.0
732,867.6,-1000.0
733,867.7,-847.5
734,867.8,-740.9
735,867.9,-637.5
736,868.0,-550.1
737,868.1,-344.7
738,868.2,-317.3
739,868.3,-299.6
740,868.4,-245.2
741,868.5,-292.3
742,868.6,-240.0
743,868.7,-178.5
744,868.8,-193.3
745,868.9,-120.5
746,869.0,-140.9
747,869.1,-109.0
748,869.2,-104.4
749,869.3,-160.9
750,869.4,-99.6
751,869.5,-130.3
752,869.6,-99.7
753,869.7,-67.2
754,869.8,-48.4
755,869.9,69.1
756,870.0,135.8
757,870.1,233.8
758,870.2,188.9
759,870.3,182.0
760,870.4,220.5
761,870.5,142.7
762,870.6,205.7
763,870.7,250.6
764,870.8,218.8
765,870.9,191.6
766,871.0,305.2
767,871.1,249.1
768,871.2,283.8
769,871.3,267.0
770,871.4,279.8
771,871.5,269.2
772,871.6,267.3
773,871.7,233.7
774,871.8,325.7
775,871.9,289.1
776,872.0,248.1
777,872.1,241.5
778,872.2,215.6
779,872.3,267.6
780,872.4,200.3
781,872.5,179.4
782,872.6,167.4
783,872.7,60.6
784,872.8,50.5
785,872.9,-20.9
786,873.0,-91.8
787,873.1,-144.2
788,873.2,-181.4
789,873.3,-189.9
790,873.4,-241.3
791,873.5,-299.4
792,873.6,-394.7
793,873.7,-432.7
794,873.8,-429.8
795,873.9,-500.3
796,874.0,-523.7
797,874.1,-604.1
798,874.2,-669.9
799,874.3,-756.8
800,874.4,-859.6
801,874.5,-857.7
802,874.6,-913.4
803,874.7,-959.8
804,874.8,-999.5
805,874.9,-986.3
806,875.0,-1000.0
807,875.1,-1000.0
808,875.2,-1000.0
809,875.3,-1000.0
810,875.4,-1000.0
811,875.5,-991.7
812,875.6,-971.8
813,875.7,-922.2
814,875.8,-928.8
815,875.9,-886.8
816,876.0,-843.8
817,876.1,-1000.0
818,876.2,-1000.0
819,876.3,-1000.0
820,876.4,-1000.0
821,876.5,-1000.0
822,876.6,-944.7
823,876.7,-1000.0
824,876.8,-788.7
825,876.9,-773.9
826,877.0,-705.8
827,877.1,-471.6
828,877.2,-301.4
829,877.3,-96.0
830,877.4,10.7
831,877.5,327.1
832,877.6,127.7
833,877.7,140.8
834,877.8,192.2
835,877.9,193.4
836,878.0,428.6
837,878.1,42.3
838,878.2,113.2
839,878.3,-196.7
840,878.4,-301.1
841,878.5,-269.8
842,878.6,-333.1
843,878.7,-644.4
844,878.8,-573.5
845,878.9,-710.2
846,879.0,-874.1
847,879.1,-1000.0
848,879.2,-1000.0
849,879.3,-1000.0
850,879.4,-1000.0
851,879.5,-1000.0
852,879.6,-1000.0
853,879.7,-757.1
854,879.8,-1000.0
855,879.9,-1000.0
856,880.0,-1000.0
857,880.1,-941.5
858,880.2,-1000.0
859,880.3,-1000.0
860,880.4,-860.3
861,880.5,-1000.0
862,880.6,-826.8
863,880.7,-1000.0
864,880.8,-1000.0
865,880.9,-786.3
866,881.0,-1000.0
867,881.1,-1000.0
868,881.2,-1000.0
869,881.3,-1000.0
870,881.4,-999.8
871,881.5,-1000.0
872,881.6,-1000.0
873,881.7,-1000.0
874,881.8,-1000.0
875,881.9,-876.5
876,882.0,-1000.0
877,882.1,-961.4
878,882.2,-1000.0
879,882.3,-1000.0
880,882.4,-777.0
881,882.5,-836.5
882,882.6,-1000.0
883,882.7,-1000.0
884,882.8,-1000.0
885,882.9,-733.1
886,883.0,-1000.0
887,883.1,-979.1
888,883.2,-1000.0
889,883.3,-999.8
890,883.4,-885.4
891,883.5,-863.2
892,883.6,-756.8
893,883.7,-646.6
894,883.8,-544.8
895,883.9,-416.9
896,884.0,-321.2
897,884.1,-268.7
898,884.2,-207.8
899,884.3,-154.4
900,884.4,-96.0
901,884.5,-89.2
902,884.6,-49.4
903,884.7,-37.9
904,884.8,24.1
905,884.9,45.9
906,885.0,85.0
907,885.1,134.8
908,885.2,191.1
909,885.3,214.1
910,885.4,216.2
911,885.5,213.0
912,885.6,293.4
913,885.7,204.9
914,885.8,188.2
915,885.9,241.6
916,886.0,259.6
917,886.1,211.2
918,886.2,203.1
919,886.3,243.2
920,886.4,266.2
921,886.5,235.2
922,886.6,259.2
923,886.7,221.0
924,886.8,176.5
925,886.9,208.8
926,887.0,212.9
927,887.1,160.9
928,887.2,237.2
929,887.3,196.0
930,887.4,229.0
931,887.5,247.1
932,887.6,192.8
933,887.7,217.5
934,887.8,181.5
935,887.9,191.3
936,888.0,179.2
937,888.1,208.5
938,888.2,227.8
939,888.3,212.9
940,888.4,263.2
941,888.5,228.5
942,888.6,195.5
943,888.7,318.5
944,888.8,282.3
945,888.9,221.8
946,889.0,293.6
947,889.1,255.4
948,889.2,251.2
949,889.3,298.8
950,889.4,231.2
951,889.5,244.1
952,889.6,314.6
953,889.7,289.0
954,889.8,212.1
955,889.9,333.8
956,890.0,276.7
957,890.1,274.1
958,890.2,246.1
959,890.3,347.1
960,890.4,293.9
961,890.5,294.0
962,890.6,236.8
963,890.7,242.7
964,890.8,234.4
965,890.9,321.7
966,891.0,302.4
967,891.1,300.5
968,891.2,283.6
969,891.3,290.3
970,891.4,306.6
971,891.5,275.1
972,891.6,327.1
973,891.7,273.1
974,891.8,249.6
975,891.9,308.7
976,892.0,357.3
977,892.1,284.0
978,892.2,359.4
979,892.3,333.4
980,892.4,309.8
981,892.5,320.6
982,892.6,387.8
983,892.7,335.5
984,892.8,268.0
985,892.9,251.7
986,893.0,243.4
987,893.1,210.4
988,893.2,190.9
989,893.3,131.6
990,893.4,-8.9
991,893.5,470.2
992,893.6,374.4
993,893.7,55.4
994,893.8,126.2
995,893.9,156.3
996,894.0,82.4
997,894.1,203.2
998,894.2,390.7
999,894.3,248.5
1000,894.4,441.7
1001,894.5,287.5
1002,894.6,40.2
1003,894.7,36.4
1004,894.8,92.8
1005,894.9,62.3
1006,895.0,34.7
1007,895.1,155.2
1008,895.2,76.9
1009,895.3,406.6
1010,895.4,115.8
1011,895.5,571.0
1012,895.6,108.2
1013,895.7,570.3
1014,895.8,539.6
1015,895.9,268.9
1016,896.0,399.4
1017,896.1,230.7
1018,896.2,369.5
1019,896.3,460.2
1020,896.4,195.4
1021,896.5,554.2
1022,896.6,223.1
1023,896.7,461.5
1024,896.8,277.1
1025,896.9,226.3
1026,897.0,380.4
1027,897.1,232.9
1028,897.2,224.7
1029,897.3,126.7
1030,897.4,222.9
1031,897.5,462.9
1032,897.6,280.2
1033,897.7,351.2
1034,897.8,124.9
1035,897.9,119.1
1036,898.0,277.3
1037,898.1,317.5
1038,898.2,283.0
1039,898.3,92.1
1040,898.4,240.1
1041,898.5,199.2
1042,898.6,421.5
1043,898.7,162.9
1044,898.8,211.4
1045,898.9,105.0
1046,899.0,360.0
1047,899.1,312.0
1048,899.2,288.1
1049,899.3,318.4
1050,899.4,369.6
1051,899.5,326.9
1052,899.6,224.6
1053,899.7,199.4
1054,899.8,270.2
1055,899.9,96.3
1056,900.0,0.4
1057,900.1,-265.6
1058,900.2,-269.4
1059,900.3,-287.1
1060,900.4,-219.2
1061,900.5,-441.1
1062,900.6,-592.3
1063,900.7,-880.0
1064,900.8,-893.3
1065,900.9,-1000.0
1066,901.0,-1000.0
1067,901.1,-1000.0
1068,901.2,-1000.0
1069,901.3,-1000.0
1070,901.4,-1000.0
1071,901.5,-1000.0
1072,901.6,-1000.0
1073,901.7,-1000.0
1074,901.8,-1000.0
1075,901.9,-1000.0
1076,902.0,-974.7
1077,902.1,-795.8
1078,902.2,-1000.0
1079,902.3,-1000.0
1080,902.4,-1000.0
1081,902.5,-1000.0
1082,902.6,-1000.0
1083,902.7,-1000.0
1084,902.8,-1000.0
1085,902.9,-1000.0
1086,903.0,-1000.0
1087,903.1,-1000.0
1088,903.2,-1000.0
1089,903.3,-1000.0
1090,903.4,-853.8
1091,903.5,-1000.0
1092,903.6,-1000.0
1093,903.7,-1000.0
1094,903.8,-1000.0
1095,903.9,-1000.0
1096,904.0,-1000.0
1097,904.1,-1000.0
1098,904.2,-1000.0
1099,904.3,-1000.0
1100,904.4,-1000.0
1101,904.5,-953.1
1102,904.6,-787.3
1103,904.7,-1000.0
1104,904.8,-1000.0
1105,904.9,-1000.0
1106,905.0,-1000.0
1107,905.1,-812.5
1108,905.2,-840.4
1109,905.3,-1000.0
1110,905.4,-984.9
1111,905.5,-1000.0
1112,905.6,-1000.0
1113,905.7,-1000.0
1114,905.8,-1000.0
1115,905.9,-1000.0
1116,906.0,-1000.0
1117,906.1,-1000.0
1118,906.2,-1000.0
1119,906.3,-945.4
1120,906.4,-1000.0
1121,906.5,-1000.0
1122,906.6,-1000.0
1123,906.7,-1000.0
1124,906.8,-1000.0
1125,906.9,-787.1
1126,907.0,-689.5
1127,907.1,-733.7
1128,907.2,-606.3
1129,907.3,-565.3
1130,907.4,-482.4
1131,907.5,-432.6
1132,907.6,-418.2
1133,907.7,-280.8
1134,907.8,-337.5
1135,907.9,-339.2
1136,908.0,-316.9
1137,908.1,-308.7
1138,908.2,-305.6
1139,908.3,-277.0
1140,908.4,-299.3
1141,908.5,-248.8
1142,908.6,-245.6
1143,908.7,-197.4
1144,908.8,-233.7
1145,908.9,-241.2
1146,909.0,-212.5
1147,909.1,-187.2
1148,909.2,-175.9
1149,909.3,-148.4
1150,909.4,-139.2
1151,909.5,-137.2
1152,909.6,-144.5
1153,909.7,-115.3
1154,909.8,-137.8
1155,909.9,-123.5
1156,910.0,-92.1
1157,910.1,-101.9
1158,910.2,-106.7
1159,910.3,-83.5
1160,910.4,-29.9
1161,910.5,-13.0
1162,910.6,45.3
1163,910.7,105.3
1164,910.8,154.6
1165,910.9,156.3
1166,911.0,227.5
1167,911.1,211.2
1168,911.2,130.6
1169,911.3,242.6
1170,911.4,166.7
1171,911.5,206.8
1172,911.6,293.8
1173,911.7,218.8
1174,911.8,222.1
1175,911.9,249.9
1176,912.0,249.7
1177,912.1,229.2
1178,912.2,250.2
1179,912.3,193.5
1180,912.4,245.9
1181,912.5,224.3
1182,912.6,256.3
1183,912.7,221.9
1184,912.8,262.0
1185,912.9,289.7
1186,913.0,300.8
1187,913.1,328.5
1188,913.2,220.2
1189,913.3,266.2
1190,913.4,204.8
1191,913.5,216.9
1192,913.6,155.6
1193,913.7,116.7
1194,913.8,59.4
1195,913.9,-5.2
1196,914.0,-58.4
1197,914.1,-100.8
1198,914.2,-136.0
1199,914.3,-199.8
1200,914.4,-249.1
1201,914.5,-295.6
1202,914.6,-319.7
1203,914.7,-325.9
1204,914.8,-382.8
1205,914.9,-436.6
1206,915.0,-527.1
1207,915.1,-550.1
1208,915.2,-608.3
1209,915.3,-682.3
1210,915.4,-718.4
1211,915.5,-825.7
1212,915.6,-962.4
1213,915.7,-948.5
1214,915.8,-1000.0
1215,915.9,-1000.0
1216,916.0,-1000.0
1217,916.1,-1000.0
1218,916.2,-1000.0
1219,916.3,-1000.0
1220,916.4,-1000.0
1221,916.5,-1000.0
1222,916.6,-1000.0
1223,916.7,-1000.0
1224,916.8,-976.4
1225,916.9,-892.4
1226,917.0,-977.0
1227,917.1,-902.9
1228,917.2,-964.4
1229,917.3,-980.8
1230,917.4,-1000.0
1231,917.5,-1000.0
1232,917.6,-1000.0
1233,917.7,-1000.0
1234,917.8,-1000.0
1235,917.9,-1000.0
1236,918.0,-1000.0
1237,918.1,-898.5
1238,918.2,-667.6
1239,918.3,-558.5
1240,918.4,-562.7
1241,918.5,-353.5
1242,918.6,-229.9
1243,918.7,-212.5
1244,918.8,-53.2
1245,918.9,123.9
1246,919.0,173.4
1247,919.1,376.8
1248,919.2,425.5
1249,919.3,441.4
1250,919.4,202.2
1251,919.5,-213.2
1252,919.6,-377.5
1253,919.7,-787.4
1254,919.8,-747.9
1255,919.9,-965.9
1256,920.0,-1000.0
1257,920.1,-1000.0
1258,920.2,-1000.0
1259,920.3,-1000.0
1260,920.4,-1000.0
1261,920.5,-1000.0
1262,920.6,-1000.0
1263,920.7,-1000.0
1264,920.8,-1000.0
1265,920.9,-1000.0
1266,921.0,-1000.0
1267,921.1,-1000.0
1268,921.2,-955.6
1269,921.3,-942.0
1270,921.4,-1000.0
1271,921.5,-1000.0
1272,921.6,-1000.0
1273,921.7,-1000.0
1274,921.8,-1000.0
1275,921.9,-917.8
1276,922.0,-1000.0
1277,922.1,-1000.0
1278,922.2,-1000.0
1279,922.3,-1000.0
1280,922.4,-1000.0
1281,922.5,-896.3
1282,922.6,-1000.0
1283,922.7,-974.1
1284,922.8,-835.9
1285,922.9,-734.6
1286,923.0,-567.7
1287,923.1,-483.6
1288,923.2,-457.4
1289,923.3,-314.5
1290,923.4,-272.2
1291,923.5,-233.3
1292,923.6,-105.9
1293,923.7,-89.4
1294,923.8,-75.2
1295,923.9,-36.6
1296,924.0,104.9
1297,924.1,133.7
1298,924.2,213.6
1299,924.3,196.8
1300,924.4,176.5
1301,924.5,183.6
1302,924.6,166.9
1303,924.7,163.5
1304,924.8,208.5
1305,924.9,207.2
1306,925.0,210.8
1307,925.1,202.9
1308,925.2,192.9
1309,925.3,218.8
1310,925.4,193.2
1311,925.5,218.7
1312,925.6,287.8
1313,925.7,332.4
1314,925.8,221.9
1315,925.9,288.6
1316,926.0,216.8
1317,926.1,292.4
1318,926.2,311.9
1319,926.3,242.4
1320,926.4,294.3
1321,926.5,252.4
1322,926.6,233.3
1323,926.7,274.0
1324,926.8,208.2
1325,926.9,256.0
1326,927.0,331.0
1327,927.1,296.1
1328,927.2,409.5
1329,927.3,415.7
1330,927.4,339.2
1331,927.5,287.3
1332,927.6,294.7
1333,927.7,-37.1
1334,927.8,185.6
1335,927.9,144.7
1336,928.0,-8.4
1337,928.1,58.8
1338,928.2,393.2
1339,928.3,-137.8
1340,928.4,119.6
1341,928.5,-90.6
1342,928.6,512.1
1343,928.7,118.7
1344,928.8,273.0
1345,928.9,164.1
1346,929.0,548.1
1347,929.1,524.6
1348,929.2,391.3
1349,929.3,423.9
1350,929.4,482.9
1351,929.5,459.3
1352,929.6,355.0
1353,929.7,111.7
1354,929.8,298.7
1355,929.9,477.0
1356,930.0,291.7
1357,930.1,253.6
1358,930.2,-207.5
1359,930.3,-626.6
1360,930.4,-903.4
1361,930.5,-1000.0
1362,930.6,-1000.0
1363,930.7,-1000.0
1364,930.8,-1000.0
1365,930.9,-890.4
1366,931.0,-1000.0
1367,931.1,-1000.0
1368,931.2,-1000.0
1369,931.3,-987.9
1370,931.4,-1000.0
1371,931.5,-1000.0
1372,931.6,-1000.0
1373,931.7,-1000.0
1374,931.8,-1000.0
1375,931.9,-1000.0
1376,932.0,-1000.0
1377,932.1,-1000.0
1378,932.2,-1000.0
1379,932.3,-1000.0
1380,932.4,-1000.0
1381,932.5,-1000.0
1382,932.6,-1000.0
1383,932.7,-779.8
1384,932.8,-557.6
1385,932.9,-409.9
1386,933.0,-302.3
1387,933.1,-236.5
1388,933.2,-263.7
1389,933.3,-204.1
1390,933.4,-166.5
1391,933.5,-136.4
1392,933.6,-141.5
1393,933.7,-106.4
1394,933.8,-89.6
1395,933.9,-127.8
1396,934.0,-79.7
1397,934.1,79.0
1398,934.2,150.7
1399,934.3,197.0
1400,934.4,204.5
1401,934.5,248.7
1402,934.6,176.2
1403,934.7,254.8
1404,934.8,236.3
1405,934.9,219.4
1406,935.0,276.1
1407,935.1,270.4
1408,935.2,285.7
1409,935.3,260.6
1410,935.4,252.1
1411,935.5,221.6
1412,935.6,206.6
1413,935.7,53.2
1414,935.8,9.5
1415,935.9,-59.6
1416,936.0,-113.6
1417,936.1,-254.5
1418,936.2,-380.6
1419,936.3,-459.7
1420,936.4,-548.0
1421,936.5,-606.2
1422,936.6,-684.8
1423,936.7,-875.3
1424,936.8,-947.1
1425,936.9,-1000.0
1426,937.0,-963.2
1427,937.1,-1000.0
1428,937.2,-1000.0
1429,937.3,-1000.0
1430,937.4,-855.2
1431,937.5,-1000.0
1432,937.6,-1000.0
1433,937.7,-1000.0
1434,937.8,-1000.0
1435,937.9,-981.5
1436,938.0,-863.1
1437,938.1,-597.0
1438,938.2,-469.3
1439,938.3,-8.9
1440,938.4,288.6
1441,938.5,-21.2
1442,938.6,374.4
1443,938.7,347.4
1444,938.8,-185.4
1445,938.9,-433.1
1446,939.0,-770.0
1447,939.1,-939.6
1448,939.2,-1000.0
1449,939.3,-1000.0
1450,939.4,-826.5
1451,939.5,-1000.0
1452,939.6,-1000.0
1453,939.7,-1000.0
1454,939.8,-1000.0
1455,939.9,-1000.0
1456,940.0,-1000.0
1457,940.1,-1000.0
1458,940.2,-1000.0
1459,940.3,-1000.0
1460,940.4,-1000.0
1461,940.5,-1000.0
1462,940.6,-829.3
1463,940.7,-971.7
1464,940.8,-983.5
1465,940.9,-1000.0
1466,941.0,-820.5
1467,941.1,-1000.0
1468,941.2,-971.2
1469,941.3,-771.7
1470,941.4,-598.3
1471,941.5,-422.4
1472,941.6,-327.0
1473,941.7,-195.4
1474,941.8,-83.6
1475,941.9,16.6
1476,942.0,69.3
1477,942.1,148.3
1478,942.2,206.5
1479,942.3,195.2
1480,942.4,196.5
1481,942.5,208.2
1482,942.6,203.3
1483,942.7,182.7
1484,942.8,273.6
1485,942.9,202.0
1486,943.0,246.0
1487,943.1,215.3
1488,943.2,270.4
1489,943.3,323.9
1490,943.4,231.0
1491,943.5,265.9
1492,943.6,266.5
1493,943.7,339.7
1494,943.8,254.3
1495,943.9,261.2
1496,944.0,325.3
1497,944.1,290.2
1498,944.2,338.0
1499,944.3,380.3
1500,944.4,322.9
1501,944.5,232.5
1502,944.6,299.8
1503,944.7,132.5
1504,944.8,102.1
1505,944.9,132.8
1506,945.0,419.3
1507,945.1,132.9
1508,945.2,355.8
1509,945.3,202.0
1510,945.4,201.7
1511,945.5,351.7
1512,945.6,577.3
1513,945.7,557.3
1514,945.8,155.1
1515,945.9,373.1
1516,946.0,190.1
1517,946.1,164.3
1518,946.2,283.0
1519,946.3,285.3
1520,946.4,-38.2
1521,946.5,-578.0
1522,946.6,-951.5
1523,946.7,-1000.0
1524,946.8,-1000.0
1525,946.9,-1000.0
1526,947.0,-1000.0
1527,947.1,-1000.0
1528,947.2,-846.6
1529,947.3,-1000.0
1530,947.4,-1000.0
1531,947.5,-1000.0
1532,947.6,-1000.0
1533,947.7,-1000.0
1534,947.8,-1000.0
1535,947.9,-1000.0
1536,948.0,-1000.0
1537,948.1,-1000.0
1538,948.2,-1000.0
1539,948.3,-827.6
1540,948.4,-1000.0
1541,948.5,-1000.0
1542,948.6,-772.7
1543,948.7,-477.3
1544,948.8,-304.9
1545,948.9,-280.9
1546,949.0,-265.5
1547,949.1,-169.5
1548,949.2,-158.0
1549,949.3,-104.5
1550,949.4,-142.9
1551,949.5,-78.2
1552,949.6,-92.8
1553,949.7,-4.5
1554,949.8,112.2
1555,949.9,193.1
1556,950.0,225.0
1557,950.1,207.0
1558,950.2,252.8
1559,950.3,254.9
1560,950.4,215.5
1561,950.5,194.9
1562,950.6,260.3
1563,950.7,226.1
1564,950.8,233.5
1565,950.9,277.5
1566,951.0,284.6
1567,951.1,276.1
1568,951.2,264.2
1569,951.3,206.4
1570,951.4,188.4
1571,951.5,115.3
1572,951.6,-1.0
1573,951.7,-75.5
1574,951.8,-135.2
1575,951.9,-208.8
1576,952.0,-304.9
1577,952.1,-382.3
1578,952.2,-483.5
1579,952.3,-535.3
1580,952.4,-624.9
1581,952.5,-799.6
1582,952.6,-889.8
1583,952.7,-967.9
1584,952.8,-1000.0
1585,952.9,-1000.0
1586,953.0,-1000.0
1587,953.1,-1000.0
1588,953.2,-1000.0
1589,953.3,-972.9
1590,953.4,-1000.0
1591,953.5,-1000.0
1592,953.6,-1000.0
1593,953.7,-1000.0
1594,953.8,-1000.0
1595,953.9,-1000.0
1596,954.0,-1000.0
1597,954.1,-968.2
1598,954.2,-792.0
1599,954.3,-654.1
1600,954.4,-298.6
1601,954.5,-135.7
1602,954.6,16.5
1603,954.7,236.0
1604,954.8,42.6
1605,954.9,416.4
1606,955.0,-20.5
1607,955.1,-383.4
1608,955.2,-640.9
1609,955.3,-917.5
1610,955.4,-1000.0
1611,955.5,-1000.0
1612,955.6,-1000.0
1613,955.7,-986.2
1614,955.8,-1000.0
1615,955.9,-1000.0
1616,956.0,-920.5
1617,956.1,-904.4
1618,956.2,-1000.0
1619,956.3,-853.6
1620,956.4,-1000.0
1621,956.5,-1000.0
1622,956.6,-1000.0
1623,956.7,-1000.0
1624,956.8,-1000.0
1625,956.9,-809.0
1626,957.0,-1000.0
1627,957.1,-1000.0
1628,957.2,-1000.0
1629,957.3,-884.9
1630,957.4,-1000.0
1631,957.5,-1000.0
1632,957.6,-1000.0
1633,957.7,-1000.0
1634,957.8,-906.7
1635,957.9,-712.2
1636,958.0,-618.0
1637,958.1,-456.4
1638,958.2,-396.6
1639,958.3,-330.4
1640,958.4,-302.1
1641,958.5,-165.9
1642,958.6,-176.0
1643,958.7,-162.8
1644,958.8,-135.7
1645,958.9,-82.1
1646,959.0,-21.4
1647,959.1,7.7
1648,959.2,-6.3
1649,959.3,70.8
1650,959.4,170.9
1651,959.5,201.5
1652,959.6,284.3
1653,959.7,248.2
1654,959.8,253.6
1655,959.9,234.6
1656,960.0,239.7
1657,960.1,184.4
1658,960.2,220.8
1659,960.3,236.5
1660,960.4,252.4
1661,960.5,176.0
1662,960.6,219.9
1663,960.7,227.8
1664,960.8,233.8
1665,960.9,281.5
1666,961.0,250.9
1667,961.1,216.6
1668,961.2,202.1
1669,961.3,173.8
1670,961.4,269.4
1671,961.5,220.1
1672,961.6,191.6
1673,961.7,273.9
1674,961.8,270.2
1675,961.9,298.6
1676,962.0,263.7
1677,962.1,269.8
1678,962.2,226.4
1679,962.3,284.1
1680,962.4,292.2
1681,962.5,224.3
1682,962.6,257.7
1683,962.7,192.4
1684,962.8,332.2
1685,962.9,310.8
1686,963.0,283.5
1687,963.1,349.3
1688,963.2,284.0
1689,963.3,277.8
1690,963.4,271.2
1691,963.5,297.8
1692,963.6,275.1
1693,963.7,330.8
1694,963.8,252.2
1695,963.9,283.6
1696,964.0,285.2
1697,964.1,243.7
1698,964.2,263.6
1699,964.3,232.5
1700,964.4,275.8
1701,964.5,275.6
1702,964.6,276.3
1703,964.7,316.8
1704,964.8,327.1
1705,964.9,263.2
1706,965.0,335.1
1707,965.1,330.6
1708,965.2,237.2
1709,965.3,322.7
1710,965.4,353.5
1711,965.5,261.8
1712,965.6,296.6
1713,965.7,271.9
1714,965.8,272.7
1715,965.9,282.1
1716,966.0,277.7
1717,966.1,316.6
1718,966.2,298.9
1719,966.3,243.3
1720,966.4,277.9
1721,966.5,252.2
1722,966.6,287.5
1723,966.7,262.7
1724,966.8,305.8
1725,966.9,263.5
1726,967.0,359.4
1727,967.1,332.3
1728,967.2,251.2
1729,967.3,306.5
1730,967.4,310.7
1731,967.5,307.2
1732,967.6,238.8
1733,967.7,246.5
1734,967.8,199.9
1735,967.9,287.3
1736,968.0,288.9
1737,968.1,269.8
1738,968.2,280.5
1739,968.3,291.5
1740,968.4,268.1
1741,968.5,360.2
1742,968.6,223.0
1743,968.7,226.9
1744,968.8,317.3
1745,968.9,207.6
1746,969.0,196.8
1747,969.1,308.7
1748,969.2,217.3
1749,969.3,327.1
1750,969.4,234.1
1751,969.5,271.3
1752,969.6,283.7
1753,969.7,262.2
1754,969.8,306.9
1755,969.9,249.2
1756,970.0,277.3
1757,970.1,301.7
1758,970.2,263.9
1759,970.3,265.4
1760,970.4,211.0
1761,970.5,215.4
1762,970.6,225.0
1763,970.7,385.3
1764,970.8,295.7
1765,970.9,308.0
1766,971.0,279.6
1767,971.1,359.6
1768,971.2,318.0
1769,971.3,312.6
1770,971.4,297.2
1771,971.5,284.7
1772,971.6,302.4
1773,971.7,258.7
1774,971.8,324.7
1775,971.9,393.4
1776,972.0,322.4
1777,972.1,354.9
1778,972.2,186.1
1779,972.3,359.4
1780,972.4,242.7
1781,972.5,317.4
1782,972.6,275.1
1783,972.7,280.8
1784,972.8,234.8
1785,972.9,223.5
1786,973.0,280.0
1787,973.1,250.1
1788,973.2,249.3
1789,973.3,329.4
1790,973.4,301.6
1791,973.5,287.3
1792,973.6,221.2
1793,973.7,251.8
1794,973.8,269.3
1795,973.9,253.3
1796,974.0,290.4
1797,974.1,317.5
1798,974.2,310.0
1799,974.3,295.2
1800,974.4,292.4
1801,974.5,292.2
1802,974.6,268.6
1803,974.7,309.0
1804,974.8,274.6
1805,974.9,318.4
1806,975.0,259.7
1807,975.1,276.2
1808,975.2,297.6
1809,975.3,303.7
1810,975.4,290.7
1811,975.5,313.4
1812,975.6,310.8
1813,975.7,346.0
1814,975.8,345.1
1815,975.9,299.7
1816,976.0,320.2
1817,976.1,314.5
1818,976.2,380.9
1819,976.3,312.7
1820,976.4,317.9
1821,976.5,328.5
1822,976.6,290.3
1823,976.7,319.8
1824,976.8,327.2
1825,976.9,277.1
1826,977.0,329.5
1827,977.1,343.8
1828,977.2,318.9
1829,977.3,317.0
1830,977.4,300.5
1831,977.5,350.9
1832,977.6,327.7
1833,977.7,381.1
1834,977.8,363.8
1835,977.9,302.8
1836,978.0,286.7
1837,978.1,314.3
1838,978.2,316.3
1839,978.3,296.6
1840,978.4,318.0
1841,978.5,332.0
1842,978.6,316.2
1843,978.7,309.6
1844,978.8,359.7
1845,978.9,368.7
1846,979.0,285.5
1847,979.1,356.0
1848,979.2,341.7
1849,979.3,266.8
1850,979.4,348.3
1851,979.5,344.3
1852,979.6,319.7
1853,979.7,281.9
1854,979.8,354.2
1855,979.9,342.7
1856,980.0,364.3
1857,980.1,280.6
1858,980.2,316.8
1859,980.3,331.6
1860,980.4,327.2
1861,980.5,311.6
1862,980.6,280.7
1863,980.7,345.4
1864,980.8,329.6
1865,980.9,349.3
1866,981.0,324.6
1867,981.1,341.7
1868,981.2,363.8
1869,981.3,318.5
1870,981.4,352.1
1871,981.5,338.0
1872,981.6,303.9
1873,981.7,317.4
1874,981.8,367.9
1875,981.9,334.8
1876,982.0,378.0
1877,982.1,307.8
1878,982.2,314.8
1879,982.3,294.0
1880,982.4,303.1
1881,982.5,290.2
1882,982.6,370.5
1883,982.7,282.2
1884,982.8,322.5
1885,982.9,323.4
1886,983.0,327.6
1887,983.1,320.7
1888,983.2,332.9
1889,983.3,297.2
1890,983.4,371.5
1891,983.5,259.5
1892,983.6,303.3
1893,983.7,273.0
1894,983.8,269.4
1895,983.9,333.5
1896,984.0,378.6
1897,984.1,334.4
1898,984.2,326.7
1899,984.3,248.4
1900,984.4,270.2
1901,984.5,318.5
1902,984.6,261.7
1903,984.7,282.2
1904,984.8,331.5
1905,984.9,266.2
1906,985.0,383.3
1907,985.1,246.5
1908,985.2,386.7
1909,985.3,384.5
1910,985.4,322.9
1911,985.5,372.2
1912,985.6,343.4
1913,985.7,377.0
1914,985.8,466.6
1915,985.9,326.5
1916,986.0,481.0
1917,986.1,333.8
1918,986.2,381.1
1919,986.3,412.0
1920,986.4,368.5
1921,986.5,303.4
1922,986.6,349.5
1923,986.7,343.8
1924,986.8,335.0
1925,986.9,350.1
1926,987.0,342.7
1927,987.1,361.1
1928,987.2,465.4
1929,987.3,348.5
1930,987.4,355.3
1931,987.5,367.2
1932,987.6,344.7
1933,987.7,346.9
1934,987.8,272.4
1935,987.9,194.8
1936,988.0,202.4
1937,988.1,182.5
1938,988.2,180.1
1939,988.3,299.0
1940,988.4,153.7
1941,988.5,161.3
1942,988.6,261.1
1943,988.7,330.1
1944,988.8,288.1
1945,988.9,208.7
1946,989.0,263.2
1947,989.1,261.1
1948,989.2,-78.4
1949,989.3,57.1
1950,989.4,435.5
1951,989.5,351.3
1952,989.6,233.9
1953,989.7,522.2
1954,989.8,304.8
1955,989.9,398.2
1956,990.0,-17.7
1957,990.1,535.3
1958,990.2,97.2
1959,990.3,396.5
1960,990.4,-60.1
1961,990.5,125.9
1962,990.6,213.1
1963,990.7,321.7
1964,990.8,446.2
1965,990.9,131.4
1966,991.0,223.5
1967,991.1,231.6
1968,991.2,244.8
1969,991.3,407.3
1970,991.4,251.5
1971,991.5,386.6
1972,991.6,243.4
1973,991.7,599.2
1974,991.8,570.5
1975,991.9,338.7
1976,992.0,541.0
1977,992.1,462.7
1978,992.2,266.4
1979,992.3,330.2
1980,992.4,210.5
1981,992.5,284.4
1982,992.6,328.8
1983,992.7,502.4
1984,992.8,206.2
1985,992.9,409.5
1986,993.0,321.8
1987,993.1,330.3
1988,993.2,494.6
1989,993.3,583.7
1990,993.4,520.9
1991,993.5,223.6
1992,993.6,430.9
1993,993.7,420.3
1994,993.8,474.2
1995,993.9,471.5
1996,994.0,325.2
1997,994.1,428.4
1998,994.2,463.7
1999,994.3,279.7
2000,994.4,363.7
2001,994.5,271.9
2002,994.6,223.6
2003,994.7,164.1
2004,994.8,46.9
2005,994.9,-57.7
2006,995.0,-272.1
2007,995.1,-445.9
2008,995.2,-586.2
2009,995.3,-714.0
2010,995.4,-894.6
2011,995.5,-985.9
2012,995.6,-1000.0
2013,995.7,-1000.0
2014,995.8,-1000.0
2015,995.9,-1000.0
2016,996.0,-1000.0
2017,996.1,-1000.0
2018,996.2,-1000.0
2019,996.3,-1000.0
2020,996.4,-1000.0
2021,996.5,-1000.0
2022,996.6,-1000.0
2023,996.7,-1000.0
2024,996.8,-1000.0
2025,996.9,-1000.0
2026,997.0,-1000.0
2027,997.1,-1000.0
2028,997.2,-1000.0
2029,997.3,-1000.0
2030,997.4,-872.5
2031,997.5,-1000.0
2032,997.6,-1000.0
2033,997.7,-1000.0
2034,997.8,-1000.0
2035,997.9,-1000.0
2036,998.0,-1000.0
2037,998.1,-1000.0
2038,998.2,-1000.0
2039,998.3,-1000.0
2040,998.4,-1000.0
2041,998.5,-1000.0
2042,998.6,-1000.0
2043,998.7,-1000.0
2044,998.8,-1000.0
2045,998.9,-1000.0
2046,999.0,-1000.0
2047,999.1,-1000.0
2048,999.2,-997.0
2049,999.3,-881.1
2050,999.4,-1000.0
2051,999.5,-850.0
2052,999.6,-1000.0
2053,999.7,-1000.0
2054,999.8,-1000.0
2055,999.9,-1000.0
2056,1000.0,-1000.0
2057,1000.1,-1000.0
2058,1000.2,-1000.0
2059,1000.3,-1000.0
2060,1000.4,-1000.0
2061,1000.5,-1000.0
2062,1000.6,-1000.0
2063,1000.7,-1000.0
2064,1000.8,-1000.0
2065,1000.9,-1000.0
2066,1001.0,-1000.0
2067,1001.1,-1000.0
2068,1001.2,-1000.0
2069,1001.3,-1000.0
2070,1001.4,-1000.0
2071,1001.5,-1000.0
2072,1001.6,-1000.0
2073,1001.7,-1000.0
2074,1001.8,-1000.0
2075,1001.9,-898.6
2076,1002.0,-855.3
2077,1002.1,-402.3
2078,1002.2,-565.2
2079,1002.3,-452.2
2080,1002.4,-218.4
2081,1002.5,-231.1
2082,1002.6,-218.3
2083,1002.7,-199.8
2084,1002.8,-199.7
2085,1002.9,-150.0
2086,1003.0,-166.0
2087,1003.1,-131.0
2088,1003.2,-107.4
2089,1003.3,-72.4
2090,1003.4,-106.1
2091,1003.5,-74.6
2092,1003.6,-31.6
2093,1003.7,-32.8
2094,1003.8,-84.1
2095,1003.9,-51.2
2096,1004.0,-35.5
2097,1004.1,-60.0
2098,1004.2,-36.1
2099,1004.3,-71.1
2100,1004.4,-73.0
2101,1004.5,-101.7
2102,1004.6,-128.2
2103,1004.7,-72.6
2104,1004.8,29.5
2105,1004.9,124.9
2106,1005.0,149.4
2107,1005.1,212.4
2108,1005.2,148.1
2109,1005.3,206.9
2110,1005.4,223.1
2111,1005.5,181.9
2112,1005.6,248.6
2113,1005.7,190.2
2114,1005.8,223.6
2115,1005.9,222.5
2116,1006.0,212.6
2117,1006.1,236.5
2118,1006.2,220.6
2119,1006.3,236.8
2120,1006.4,246.8
2121,1006.5,235.0
2122,1006.6,249.2
2123,1006.7,271.0
2124,1006.8,169.9
2125,1006.9,-11.0
2126,1007.0,-51.4
2127,1007.1,-96.6
2128,1007.2,-112.3
2129,1007.3,-185.2
2130,1007.4,-274.5
2131,1007.5,-21.4
2132,1007.6,37.1
2133,1007.7,-8.4
2134,1007.8,-47.3
2135,1007.9,-79.5
2136,1008.0,-131.6
2137,1008.1,-142.5
2138,1008.2,-227.6
2139,1008.3,-289.4
2140,1008.4,-306.3
2141,1008.5,-373.6
2142,1008.6,-492.0
2143,1008.7,-525.2
2144,1008.8,-587.6
2145,1008.9,-636.4
2146,1009.0,-702.9
2147,1009.1,-834.9
2148,1009.2,-919.5
2149,1009.3,-921.2
2150,1009.4,-947.4
2151,1009.5,-1000.0
2152,1009.6,-979.5
2153,1009.7,-1000.0
2154,1009.8,-1000.0
2155,1009.9,-1000.0
2156,1010.0,-1000.0
2157,1010.1,-1000.0
2158,1010.2,-1000.0
2159,1010.3,-989.6
2160,1010.4,-970.8
2161,1010.5,-1000.0
2162,1010.6,-1000.0
2163,1010.7,-1000.0
2164,1010.8,-1000.0
2165,1010.9,-964.5
2166,1011.0,-1000.0
2167,1011.1,-784.8
2168,1011.2,-480.4
2169,1011.3,-220.5
2170,1011.4,-90.8
2171,1011.5,345.7
2172,1011.6,277.3
2173,1011.7,339.8
2174,1011.8,-108.6
2175,1011.9,-189.4
2176,1012.0,-529.6
2177,1012.1,-905.1
2178,1012.2,-843.1
2179,1012.3,-1000.0
2180,1012.4,-1000.0
2181,1012.5,-1000.0
2182,1012.6,-773.2
2183,1012.7,-1000.0
2184,1012.8,-1000.0
2185,1012.9,-1000.0
2186,1013.0,-858.6
2187,1013.1,-912.4
2188,1013.2,-1000.0
2189,1013.3,-1000.0
2190,1013.4,-1000.0
2191,1013.5,-1000.0
2192,1013.6,-1000.0
2193,1013.7,-1000.0
2194,1013.8,-1000.0
2195,1013.9,-777.4
2196,1014.0,-1000.0
2197,1014.1,-1000.0
2198,1014.2,-894.5
2199,1014.3,-1000.0
2200,1014.4,-1000.0
2201,1014.5,-1000.0
2202,1014.6,-944.8
2203,1014.7,-736.4
2204,1014.8,-502.0
2205,1014.9,-386.3
2206,1015.0,-320.3
2207,1015.1,-190.9
2208,1015.2,-169.2
2209,1015.3,-112.9
2210,1015.4,-7.7
2211,1015.5,75.6
2212,1015.6,168.3
2213,1015.7,237.7
2214,1015.8,203.1
2215,1015.9,229.0
2216,1016.0,181.5
2217,1016.1,210.4
2218,1016.2,206.5
2219,1016.3,289.4
2220,1016.4,253.3
2221,1016.5,206.6
2222,1016.6,210.8
2223,1016.7,261.3
2224,1016.8,197.0
2225,1016.9,232.6
2226,1017.0,258.2
2227,1017.1,294.0
2228,1017.2,238.5
2229,1017.3,263.5
2230,1017.4,284.9
2231,1017.5,283.0
2232,1017.6,366.4
2233,1017.7,266.1
2234,1017.8,268.9
2235,1017.9,299.6
2236,1018.0,326.1
2237,1018.1,327.2
2238,1018.2,231.8
2239,1018.3,251.3
2240,1018.4,357.4
2241,1018.5,108.9
2242,1018.6,60.7
2243,1018.7,-47.0
2244,1018.8,356.7
2245,1018.9,161.6
2246,1019.0,520.6
2247,1019.1,285.7
2248,1019.2,541.1
2249,1019.3,445.7
2250,1019.4,252.1
2251,1019.5,272.9
2252,1019.6,401.3
2253,1019.7,531.5
2254,1019.8,543.3
2255,1019.9,196.1
2256,1020.0,-290.2
2257,1020.1,-753.4
2258,1020.2,-1000.0
2259,1020.3,-981.4
2260,1020.4,-1000.0
2261,1020.5,-881.9
2262,1020.6,-1000.0
2263,1020.7,-1000.0
2264,1020.8,-1000.0
2265,1020.9,-1000.0
2266,1021.0,-1000.0
2267,1021.1,-1000.0
2268,1021.2,-847.7
2269,1021.3,-1000.0
2270,1021.4,-1000.0
2271,1021.5,-507.8
2272,1021.6,-288.7
2273,1021.7,-222.9
2274,1021.8,-179.0
2275,1021.9,-186.1
2276,1022.0,-97.9
2277,1022.1,-100.4
2278,1022.2,-149.7
2279,1022.3,-123.6
2280,1022.4,16.1
2281,1022.5,175.2
2282,1022.6,185.1
2283,1022.7,204.1
2284,1022.8,211.2
2285,1022.9,221.0
2286,1023.0,196.8
2287,1023.1,167.2
2288,1023.2,79.6
2289,1023.3,-132.9
2290,1023.4,-238.6
2291,1023.5,-301.8
2292,1023.6,-440.1
2293,1023.7,-500.8
2294,1023.8,-535.6
2295,1023.9,-387.1
2296,1024.0,-545.5
2297,1024.1,-650.8
2298,1024.2,-850.2
2299,1024.3,-920.3
2300,1024.4,-961.1
2301,1024.5,-894.2
2302,1024.6,-932.8
2303,1024.7,-1000.0
2304,1024.8,-955.6
2305,1024.9,-1000.0
2306,1025.0,-1000.0
2307,1025.1,-1000.0
2308,1025.2,-780.1
2309,1025.3,-661.6
2310,1025.4,-223.6
2311,1025.5,116.2
2312,1025.6,312.9
2313,1025.7,-31.1
2314,1025.8,-24.5
2315,1025.9,-616.7
2316,1026.0,-823.9
2317,1026.1,-924.8
2318,1026.2,-1000.0
2319,1026.3,-1000.0
2320,1026.4,-1000.0
2321,1026.5,-1000.0
2322,1026.6,-1000.0
2323,1026.7,-1000.0
2324,1026.8,-1000.0
2325,1026.9,-1000.0
2326,1027.0,-1000.0
2327,1027.1,-1000.0
2328,1027.2,-1000.0
2329,1027.3,-1000.0
2330,1027.4,-782.4
2331,1027.5,-1000.0
2332,1027.6,-1000.0
2333,1027.7,-1000.0
2334,1027.8,-1000.0
2335,1027.9,-1000.0
2336,1028.0,-831.4
2337,1028.1,-600.2
2338,1028.2,-426.8
2339,1028.3,-272.4
2340,1028.4,-129.1
2341,1028.5,-50.6
2342,1028.6,53.2
2343,1028.7,136.2
2344,1028.8,206.6
2345,1028.9,256.8
2346,1029.0,184.0
2347,1029.1,213.7
2348,1029.2,196.5
2349,1029.3,244.7
2350,1029.4,193.1
2351,1029.5,242.2
2352,1029.6,223.1
2353,1029.7,181.9
2354,1029.8,342.7
2355,1029.9,331.5
2356,1030.0,189.1
2357,1030.1,305.4
2358,1030.2,300.6
2359,1030.3,304.3
2360,1030.4,309.7
2361,1030.5,300.3
2362,1030.6,300.5
2363,1030.7,258.6
2364,1030.8,254.1
2365,1030.9,307.1
2366,1031.0,349.5
2367,1031.1,382.6
2368,1031.2,227.9
2369,1031.3,97.1
2370,1031.4,540.4
2371,1031.5,150.5
2372,1031.6,43.2
2373,1031.7,431.6
2374,1031.8,45.7
2375,1031.9,106.9
2376,1032.0,290.3
2377,1032.1,511.9
2378,1032.2,441.9
2379,1032.3,489.3
2380,1032.4,238.8
2381,1032.5,327.1
2382,1032.6,205.7
2383,1032.7,345.7
2384,1032.8,312.5
2385,1032.9,217.0
2386,1033.0,-283.5
2387,1033.1,-979.5
2388,1033.2,-1000.0
2389,1033.3,-1000.0
2390,1033.4,-1000.0
2391,1033.5,-1000.0
2392,1033.6,-1000.0
2393,1033.7,-1000.0
2394,1033.8,-1000.0
2395,1033.9,-1000.0
2396,1034.0,-1000.0
2397,1034.1,-1000.0
2398,1034.2,-986.8
2399,1034.3,-1000.0
2400,1034.4,-1000.0
2401,1034.5,-1000.0
2402,1034.6,-1000.0
2403,1034.7,-770.7
2404,1034.8,-150.7
2405,1034.9,-95.6
2406,1035.0,-119.4
2407,1035.1,-266.6
2408,1035.2,-218.2
2409,1035.3,-164.1
2410,1035.4,-141.7
2411,1035.5,-82.3
2412,1035.6,-89.4
2413,1035.7,-34.5
2414,1035.8,54.7
2415,1035.9,250.0
2416,1036.0,175.6
2417,1036.1,217.6
2418,1036.2,220.6
2419,1036.3,227.4
2420,1036.4,321.7
2421,1036.5,294.9
2422,1036.6,232.6
2423,1036.7,268.3
2424,1036.8,248.6
2425,1036.9,190.5
2426,1037.0,144.2
2427,1037.1,57.6
2428,1037.2,-27.8
2429,1037.3,-119.3
2430,1037.4,-239.6
2431,1037.5,-368.1
2432,1037.6,-524.6
2433,1037.7,-620.2
2434,1037.8,-829.7
2435,1037.9,-953.1
2436,1038.0,-984.5
2437,1038.1,-1000.0
2438,1038.2,-1000.0
2439,1038.3,-1000.0
2440,1038.4,-1000.0
2441,1038.5,-1000.0
2442,1038.6,-1000.0
2443,1038.7,-1000.0
2444,1038.8,-1000.0
2445,1038.9,-943.0
2446,1039.0,-507.8
2447,1039.1,-271.6
2448,1039.2,-82.2
2449,1039.3,324.2
2450,1039.4,82.4
2451,1039.5,26.7
2452,1039.6,-473.1
2453,1039.7,-837.2
2454,1039.8,-1000.0
2455,1039.9,-920.8
2456,1040.0,-1000.0
2457,1040.1,-1000.0
2458,1040.2,-1000.0
2459,1040.3,-1000.0
2460,1040.4,-1000.0
2461,1040.5,-1000.0
2462,1040.6,-853.8
2463,1040.7,-1000.0
2464,1040.8,-1000.0
2465,1040.9,-800.8
2466,1041.0,-1000.0
2467,1041.1,-780.8
2468,1041.2,-1000.0
2469,1041.3,-1000.0
2470,1041.4,-919.4
2471,1041.5,-1000.0
2472,1041.6,-791.9
2473,1041.7,-671.0
2474,1041.8,-495.5
2475,1041.9,-327.9
2476,1042.0,-220.7
2477,1042.1,-172.2
2478,1042.2,-23.9
2479,1042.3,29.5
2480,1042.4,146.1
2481,1042.5,260.4
2482,1042.6,214.4
2483,1042.7,235.4
2484,1042.8,202.9
2485,1042.9,198.8
2486,1043.0,189.8
2487,1043.1,177.6
2488,1043.2,177.3
2489,1043.3,306.5
2490,1043.4,220.5
2491,1043.5,307.8
2492,1043.6,207.8
2493,1043.7,312.5
2494,1043.8,301.2
2495,1043.9,359.4
2496,1044.0,359.3
2497,1044.1,261.4
2498,1044.2,292.5
2499,1044.3,348.1
2500,1044.4,376.2
2501,1044.5,193.6
2502,1044.6,176.5
2503,1044.7,143.4
2504,1044.8,217.7
2505,1044.9,346.2
2506,1045.0,103.5
2507,1045.1,316.2
2508,1045.2,353.0
2509,1045.3,289.9
2510,1045.4,424.7
2511,1045.5,518.1
2512,1045.6,365.2
2513,1045.7,410.2
2514,1045.8,564.6
2515,1045.9,520.0
2516,1046.0,160.5
2517,1046.1,163.2
2518,1046.2,230.7
2519,1046.3,-36.9
2520,1046.4,-693.3
2521,1046.5,-896.1
2522,1046.6,-1000.0
2523,1046.7,-1000.0
2524,1046.8,-1000.0
2525,1046.9,-1000.0
2526,1047.0,-1000.0
2527,1047.1,-1000.0
2528,1047.2,-1000.0
2529,1047.3,-1000.0
2530,1047.4,-1000.0
2531,1047.5,-1000.0
2532,1047.6,-827.1
2533,1047.7,-846.0
2534,1047.8,-1000.0
2535,1047.9,-994.1
2536,1048.0,-1000.0
2537,1048.1,-839.1
2538,1048.2,-480.8
2539,1048.3,-312.5
2540,1048.4,-134.1
2541,1048.5,-119.9
2542,1048.6,-122.2
2543,1048.7,-74.2
2544,1048.8,-43.1
2545,1048.9,-59.4
2546,1049.0,-22.8
2547,1049.1,-68.2
2548,1049.2,-31.9
2549,1049.3,118.9
2550,1049.4,173.2
2551,1049.5,239.9
2552,1049.6,197.8
2553,1049.7,231.0
2554,1049.8,242.4
2555,1049.9,255.4
2556,1050.0,244.0
2557,1050.1,227.9
2558,1050.2,210.4
2559,1050.3,163.1
2560,1050.4,31.7
2561,1050.5,-94.4
2562,1050.6,-250.0
2563,1050.7,-287.1
2564,1050.8,-332.9
2565,1050.9,-438.8
2566,1051.0,-491.1
2567,1051.1,-583.2
2568,1051.2,-696.3
2569,1051.3,-787.7
2570,1051.4,-778.4
2571,1051.5,-892.9
2572,1051.6,-985.2
2573,1051.7,-991.8
2574,1051.8,-975.2
2575,1051.9,-1000.0
2576,1052.0,-1000.0
2577,1052.1,-950.1
2578,1052.2,-974.7
2579,1052.3,-1000.0
2580,1052.4,-1000.0
2581,1052.5,-1000.0
2582,1052.6,-1000.0
2583,1052.7,-835.9
2584,1052.8,-623.4
2585,1052.9,-353.1
2586,1053.0,222.9
2587,1053.1,-49.9
2588,1053.2,-173.7
2589,1053.3,-8.3
2590,1053.4,-775.7
2591,1053.5,-971.7
2592,1053.6,-1000.0
2593,1053.7,-1000.0
2594,1053.8,-1000.0
2595,1053.9,-705.4
2596,1054.0,-1000.0
2597,1054.1,-1000.0
2598,1054.2,-1000.0
2599,1054.3,-967.0
2600,1054.4,-1000.0
2601,1054.5,-1000.0
2602,1054.6,-1000.0
2603,1054.7,-1000.0
2604,1054.8,-973.3
2605,1054.9,-1000.0
2606,1055.0,-1000.0
2607,1055.1,-1000.0
2608,1055.2,-1000.0
2609,1055.3,-1000.0
2610,1055.4,-846.0
2611,1055.5,-1000.0
2612,1055.6,-810.9
2613,1055.7,-565.0
2614,1055.8,-420.9
2615,1055.9,-240.2
2616,1056.0,-145.8
2617,1056.1,-95.4
2618,1056.2,-11.8
2619,1056.3,109.1
2620,1056.4,260.8
2621,1056.5,180.8
2622,1056.6,194.7
2623,1056.7,196.8
2624,1056.8,301.1
2625,1056.9,191.1
2626,1057.0,236.1
2627,1057.1,253.0
2628,1057.2,235.4
2629,1057.3,203.6
2630,1057.4,228.4
2631,1057.5,321.4
2632,1057.6,277.3
2633,1057.7,278.7
2634,1057.8,220.6
2635,1057.9,325.6
2636,1058.0,336.5
2637,1058.1,280.7
2638,1058.2,312.6
2639,1058.3,272.9
2640,1058.4,295.7
2641,1058.5,310.5
2642,1058.6,350.6
2643,1058.7,427.2
2644,1058.8,443.2
2645,1058.9,423.8
2646,1059.0,319.8
2647,1059.1,203.9
2648,1059.2,237.5
2649,1059.3,132.2
2650,1059.4,257.4
2651,1059.5,423.3
2652,1059.6,406.4
2653,1059.7,-27.8
2654,1059.8,-58.4
2655,1059.9,23.3
2656,1060.0,227.9
2657,1060.1,161.5
2658,1060.2,173.2
2659,1060.3,291.1
2660,1060.4,529.5
2661,1060.5,566.7
2662,1060.6,353.2
2663,1060.7,157.9
2664,1060.8,502.2
2665,1060.9,171.9
2666,1061.0,148.5
2667,1061.1,263.1
2668,1061.2,308.3
2669,1061.3,191.3
2670,1061.4,-196.9
2671,1061.5,-597.7
2672,1061.6,-1000.0
2673,1061.7,-949.4
2674,1061.8,-1000.0
2675,1061.9,-915.0
2676,1062.0,-1000.0
2677,1062.1,-1000.0
2678,1062.2,-951.2
2679,1062.3,-1000.0
2680,1062.4,-1000.0
2681,1062.5,-1000.0
2682,1062.6,-1000.0
2683,1062.7,-1000.0
2684,1062.8,-1000.0
2685,1062.9,-1000.0
2686,1063.0,-848.7
2687,1063.1,-1000.0
2688,1063.2,-849.0
2689,1063.3,-1000.0
2690,1063.4,-783.0
2691,1063.5,-1000.0
2692,1063.6,-697.1
2693,1063.7,-522.9
2694,1063.8,-255.9
2695,1063.9,-443.9
2696,1064.0,-299.0
2697,1064.1,-271.1
2698,1064.2,-231.8
2699,1064.3,-251.7
2700,1064.4,-197.3
2701,1064.5,-176.1
2702,1064.6,-124.1
2703,1064.7,-113.8
2704,1064.8,-96.1
2705,1064.9,-119.7
2706,1065.0,-98.2
2707,1065.1,-72.1
2708,1065.2,-68.4
2709,1065.3,22.5
2710,1065.4,120.9
2711,1065.5,174.7
2712,1065.6,173.9
2713,1065.7,203.6
2714,1065.8,208.8
2715,1065.9,204.9
2716,1066.0,252.4
2717,1066.1,258.7
2718,1066.2,219.3
2719,1066.3,215.7
2720,1066.4,272.9
2721,1066.5,258.0
2722,1066.6,302.0
2723,1066.7,254.4
2724,1066.8,211.9
2725,1066.9,215.2
2726,1067.0,249.9
2727,1067.1,234.7
2728,1067.2,225.0
2729,1067.3,133.1
2730,1067.4,44.4
2731,1067.5,37.9
2732,1067.6,-85.1
2733,1067.7,-129.1
2734,1067.8,-167.1
2735,1067.9,-240.4
2736,1068.0,-333.1
2737,1068.1,-383.1
2738,1068.2,-444.8
2739,1068.3,-487.3
2740,1068.4,-575.5
2741,1068.5,-634.2
2742,1068.6,-677.6
2743,1068.7,-789.5
2744,1068.8,-823.9
2745,1068.9,-919.9
2746,1069.0,-1000.0
2747,1069.1,-1000.0
2748,1069.2,-1000.0
2749,1069.3,-1000.0
2750,1069.4,-1000.0
2751,1069.5,-1000.0
2752,1069.6,-1000.0
2753,1069.7,-1000.0
2754,1069.8,-1000.0
2755,1069.9,-1000.0
2756,1070.0,-916.3
2757,1070.1,-884.9
2758,1070.2,-972.6
2759,1070.3,-1000.0
2760,1070.4,-1000.0
2761,1070.5,-1000.0
2762,1070.6,-1000.0
2763,1070.7,-1000.0
2764,1070.8,-844.6
2765,1070.9,-688.0
2766,1071.0,-777.3
2767,1071.1,-271.6
2768,1071.2,-201.3
2769,1071.3,-93.0
2770,1071.4,-56.0
2771,1071.5,491.9
2772,1071.6,99.8
2773,1071.7,-79.2
2774,1071.8,530.1
2775,1071.9,189.8
2776,1072.0,-323.4
2777,1072.1,-691.2
2778,1072.2,-694.9
2779,1072.3,-836.4
2780,1072.4,-1000.0
2781,1072.5,-1000.0
2782,1072.6,-1000.0
2783,1072.7,-997.1
2784,1072.8,-774.0
2785,1072.9,-928.0
2786,1073.0,-1000.0
2787,1073.1,-989.5
2788,1073.2,-1000.0
2789,1073.3,-1000.0
2790,1073.4,-1000.0
2791,1073.5,-858.9
2792,1073.6,-1000.0
2793,1073.7,-1000.0
2794,1073.8,-1000.0
2795,1073.9,-1000.0
2796,1074.0,-1000.0
2797,1074.1,-1000.0
2798,1074.2,-1000.0
2799,1074.3,-1000.0
2800,1074.4,-773.2
2801,1074.5,-1000.0
2802,1074.6,-841.0
2803,1074.7,-1000.0
2804,1074.8,-1000.0
2805,1074.9,-1000.0
2806,1075.0,-1000.0
2807,1075.1,-994.6
2808,1075.2,-1000.0
2809,1075.3,-1000.0
2810,1075.4,-1000.0
2811,1075.5,-1000.0
2812,1075.6,-943.1
2813,1075.7,-1000.0
2814,1075.8,-975.3
2815,1075.9,-841.8
2816,1076.0,-741.0
2817,1076.1,-628.8
2818,1076.2,-514.6
2819,1076.3,-434.2
2820,1076.4,-337.9
2821,1076.5,-298.8
2822,1076.6,-223.1
2823,1076.7,-206.1
2824,1076.8,-190.0
2825,1076.9,-111.9
2826,1077.0,-68.7
2827,1077.1,-43.2
2828,1077.2,-3.1
2829,1077.3,36.2
2830,1077.4,65.1
2831,1077.5,132.9
2832,1077.6,171.6
2833,1077.7,179.4
2834,1077.8,253.9
2835,1077.9,228.9
2836,1078.0,324.2
2837,1078.1,187.4
2838,1078.2,246.0
2839,1078.3,245.6
2840,1078.4,264.7
2841,1078.5,240.0
2842,1078.6,271.8
2843,1078.7,247.5
2844,1078.8,255.7
2845,1078.9,210.3
2846,1079.0,277.9
2847,1079.1,206.1
2848,1079.2,244.1
2849,1079.3,219.8
2850,1079.4,206.6
2851,1079.5,228.4
2852,1079.6,199.5
2853,1079.7,200.2
2854,1079.8,242.3
2855,1079.9,218.7
2856,1080.0,228.5
2857,1080.1,294.0
2858,1080.2,316.6
2859,1080.3,208.9
2860,1080.4,315.0
2861,1080.5,231.9
2862,1080.6,310.6
2863,1080.7,263.1
2864,1080.8,319.8
2865,1080.9,293.8
2866,1081.0,278.0
2867,1081.1,278.5
2868,1081.2,253.4
2869,1081.3,249.4
2870,1081.4,282.9
2871,1081.5,400.9
2872,1081.6,335.5
2873,1081.7,283.7
2874,1081.8,350.1
2875,1081.9,301.7
2876,1082.0,383.5
2877,1082.1,289.9
2878,1082.2,336.9
2879,1082.3,310.9
2880,1082.4,303.1
2881,1082.5,300.5
2882,1082.6,319.8
2883,1082.7,346.2
2884,1082.8,293.6
2885,1082.9,307.2
2886,1083.0,324.1
2887,1083.1,284.0
2888,1083.2,272.0
2889,1083.3,331.3
2890,1083.4,353.7
2891,1083.5,307.5
2892,1083.6,314.6
2893,1083.7,325.9
2894,1083.8,280.2
2895,1083.9,268.0
2896,1084.0,276.4
2897,1084.1,285.5
2898,1084.2,374.5
2899,1084.3,309.5
2900,1084.4,413.0
2901,1084.5,375.9
2902,1084.6,461.3
2903,1084.7,418.3
2904,1084.8,343.2
2905,1084.9,336.5
2906,1085.0,256.2
2907,1085.1,235.8
2908,1085.2,202.8
2909,1085.3,221.6
2910,1085.4,213.0
2911,1085.5,218.1
2912,1085.6,347.4
2913,1085.7,215.3
2914,1085.8,199.1
2915,1085.9,314.1
2916,1086.0,393.1
2917,1086.1,383.3
2918,1086.2,144.6
2919,1086.3,212.6
2920,1086.4,107.1
2921,1086.5,364.0
2922,1086.6,22.4
2923,1086.7,547.0
2924,1086.8,25.2
2925,1086.9,109.3
2926,1087.0,509.2
2927,1087.1,173.7
2928,1087.2,435.7
2929,1087.3,188.4
2930,1087.4,54.8
2931,1087.5,205.8
2932,1087.6,125.0
2933,1087.7,85.2
2934,1087.8,393.4
2935,1087.9,539.1
2936,1088.0,21.9
2937,1088.1,470.8
2938,1088.2,611.3
2939,1088.3,324.4
2940,1088.4,500.8
2941,1088.5,422.7
2942,1088.6,16.1
2943,1088.7,575.3
2944,1088.8,211.2
2945,1088.9,100.4
2946,1089.0,357.0
2947,1089.1,123.7
2948,1089.2,387.7
2949,1089.3,474.1
2950,1089.4,420.3
2951,1089.5,90.8
2952,1089.6,395.4
2953,1089.7,621.3
2954,1089.8,52.2
2955,1089.9,476.0
2956,1090.0,297.9
2957,1090.1,72.7
2958,1090.2,83.1
2959,1090.3,9.0
2960,1090.4,303.3
2961,1090.5,364.7
2962,1090.6,422.1
2963,1090.7,160.5
2964,1090.8,84.4
2965,1090.9,75.7
2966,1091.0,-46.7
2967,1091.1,436.5
2968,1091.2,322.1
2969,1091.3,-93.9
2970,1091.4,250.4
2971,1091.5,327.3
2972,1091.6,196.5
2973,1091.7,452.0
2974,1091.8,203.5
2975,1091.9,77.8
2976,1092.0,-91.6
2977,1092.1,197.0
2978,1092.2,327.2
2979,1092.3,-0.1
2980,1092.4,21.0
2981,1092.5,393.0
2982,1092.6,453.6
2983,1092.7,15.3
2984,1092.8,-1.9
2985,1092.9,17.0
2986,1093.0,450.3
2987,1093.1,158.3
2988,1093.2,502.4
2989,1093.3,120.8
2990,1093.4,143.8
2991,1093.5,37.2
2992,1093.6,192.4
2993,1093.7,177.9
2994,1093.8,548.6
2995,1093.9,15.3
2996,1094.0,282.6
2997,1094.1,-23.2
2998,1094.2,257.0
2999,1094.3,530.2
3000,1094.4,505.0
3001,1094.5,205.7
3002,1094.6,402.8
3003,1094.7,290.1
3004,1094.8,187.3
3005,1094.9,317.5
3006,1095.0,338.3
3007,1095.1,301.1
3008,1095.2,174.3
3009,1095.3,305.8
3010,1095.4,236.1
3011,1095.5,127.0
3012,1095.6,529.4
3013,1095.7,395.4
3014,1095.8,525.8
3015,1095.9,479.2
3016,1096.0,375.2
3017,1096.1,245.6
3018,1096.2,442.0
3019,1096.3,151.3
3020,1096.4,232.5
3021,1096.5,217.4
3022,1096.6,272.3
3023,1096.7,290.6
3024,1096.8,177.7
3025,1096.9,413.8
3026,1097.0,240.0
3027,1097.1,211.9
3028,1097.2,184.8
3029,1097.3,262.6
3030,1097.4,321.0
3031,1097.5,171.9
3032,1097.6,423.9
3033,1097.7,196.7
3034,1097.8,398.7
3035,1097.9,384.5
3036,1098.0,478.4
3037,1098.1,221.4
3038,1098.2,511.9
3039,1098.3,521.3
3040,1098.4,533.0
3041,1098.5,490.2
3042,1098.6,511.9
3043,1098.7,523.4
3044,1098.8,377.3
3045,1098.9,519.2
3046,1099.0,479.4
3047,1099.1,342.6
3048,1099.2,498.5
3049,1099.3,463.6
3050,1099.4,371.2
3051,1099.5,98.0
3052,1099.6,397.6
3053,1099.7,439.3
3054,1099.8,431.4
3055,1099.9,131.0
3056,1100.0,380.1
3057,1100.1,187.1
3058,1100.2,373.1
3059,1100.3,102.3
3060,1100.4,359.6
3061,1100.5,279.7
3062,1100.6,436.7
3063,1100.7,318.8
3064,1100.8,506.4
3065,1100.9,467.8
3066,1101.0,300.7
3067,1101.1,371.5
3068,1101.2,140.5
3069,1101.3,169.3
3070,1101.4,138.7
3071,1101.5,168.7
3072,1101.6,294.4
3073,1101.7,367.7
3074,1101.8,438.8
3075,1101.9,338.9
3076,1102.0,396.5
3077,1102.1,234.2
3078,1102.2,309.5
3079,1102.3,372.5
3080,1102.4,245.5
3081,1102.5,201.3
3082,1102.6,333.5
3083,1102.7,270.5
3084,1102.8,338.4
3085,1102.9,237.5
3086,1103.0,252.9
3087,1103.1,233.9
3088,1103.2,338.9
3089,1103.3,272.1
3090,1103.4,260.8
3091,1103.5,253.1
3092,1103.6,273.1
3093,1103.7,253.1
3094,1103.8,254.3
3095,1103.9,340.8
3096,1104.0,231.2
3097,1104.1,202.3
3098,1104.2,263.1
3099,1104.3,164.6
3100,1104.4,278.2
3101,1104.5,146.3
3102,1104.6,127.0
3103,1104.7,70.1
3104,1104.8,101.5
3105,1104.9,63.8
3106,1105.0,-92.7
3107,1105.1,-211.0
3108,1105.2,-318.5
3109,1105.3,-419.5
3110,1105.4,-581.1
3111,1105.5,-717.1
3112,1105.6,-743.5
3113,1105.7,-974.8
3114,1105.8,-1000.0
3115,1105.9,-1000.0
3116,1106.0,-1000.0
3117,1106.1,-1000.0
3118,1106.2,-1000.0
3119,1106.3,-1000.0
3120,1106.4,-1000.0
3121,1106.5,-1000.0
3122,1106.6,-1000.0
3123,1106.7,-1000.0
3124,1106.8,-1000.0
3125,1106.9,-795.1
3126,1107.0,-1000.0
3127,1107.1,-1000.0
3128,1107.2,-1000.0
3129,1107.3,-1000.0
3130,1107.4,-939.8
3131,1107.5,-1000.0
3132,1107.6,-1000.0
3133,1107.7,-1000.0
3134,1107.8,-1000.0
3135,1107.9,-951.9
3136,1108.0,-1000.0
3137,1108.1,-1000.0
3138,1108.2,-882.8
3139,1108.3,-847.9
3140,1108.4,-1000.0
3141,1108.5,-1000.0
3142,1108.6,-1000.0
3143,1108.7,-1000.0
3144,1108.8,-1000.0
3145,1108.9,-1000.0
3146,1109.0,-1000.0
3147,1109.1,-1000.0
3148,1109.2,-1000.0
3149,1109.3,-1000.0
3150,1109.4,-834.2
3151,1109.5,-1000.0
3152,1109.6,-1000.0
3153,1109.7,-1000.0
3154,1109.8,-1000.0
3155,1109.9,-1000.0
3156,1110.0,-1000.0
3157,1110.1,-1000.0
3158,1110.2,-1000.0
3159,1110.3,-1000.0
3160,1110.4,-998.5
3161,1110.5,-938.9
3162,1110.6,-860.5
3163,1110.7,-599.1
3164,1110.8,-249.1
3165,1110.9,-346.3
3166,1111.0,-359.9
3167,1111.1,-339.4
3168,1111.2,-301.8
3169,1111.3,-292.5
3170,1111.4,-220.7
3171,1111.5,-237.1
3172,1111.6,-209.7
3173,1111.7,-179.8
3174,1111.8,-146.3
3175,1111.9,-103.0
3176,1112.0,-112.3
3177,1112.1,-109.9
3178,1112.2,-136.2
3179,1112.3,-95.6
3180,1112.4,-53.7
3181,1112.5,6.5
3182,1112.6,103.6
3183,1112.7,192.9
3184,1112.8,256.8
3185,1112.9,230.5
3186,1113.0,238.7
3187,1113.1,216.4
3188,1113.2,216.0
3189,1113.3,233.8
3190,1113.4,259.2
3191,1113.5,261.2
3192,1113.6,233.0
3193,1113.7,178.3
3194,1113.8,210.3
3195,1113.9,252.3
3196,1114.0,267.5
3197,1114.1,230.5
3198,1114.2,211.7
3199,1114.3,187.1
3200,1114.4,271.5
3201,1114.5,365.1
3202,1114.6,195.7
3203,1114.7,182.0
3204,1114.8,190.5
3205,1114.9,135.2
3206,1115.0,104.4
3207,1115.1,84.7
3208,1115.2,17.8
3209,1115.3,-31.5
3210,1115.4,-98.1
3211,1115.5,-147.5
3212,1115.6,-234.3
3213,1115.7,-288.5
3214,1115.8,-363.4
3215,1115.9,-465.0
3216,1116.0,-491.1
3217,1116.1,-580.7
3218,1116.2,-621.1
3219,1116.3,-762.0
3220,1116.4,-834.3
3221,1116.5,-964.5
3222,1116.6,-973.3
3223,1116.7,-927.8
3224,1116.8,-1000.0
3225,1116.9,-898.9
3226,1117.0,-1000.0
3227,1117.1,-961.9
3228,1117.2,-1000.0
3229,1117.3,-1000.0
3230,1117.4,-923.8
3231,1117.5,-1000.0
3232,1117.6,-1000.0
3233,1117.7,-1000.0
3234,1117.8,-1000.0
3235,1117.9,-1000.0
3236,1118.0,-991.7
3237,1118.1,-736.6
3238,1118.2,-580.2
3239,1118.3,-375.2
3240,1118.4,-181.4
3241,1118.5,-79.9
3242,1118.6,371.5
3243,1118.7,27.2
3244,1118.8,301.1
3245,1118.9,283.0
3246,1119.0,-236.5
3247,1119.1,-574.7
3248,1119.2,-830.2
3249,1119.3,-1000.0
3250,1119.4,-1000.0
3251,1119.5,-1000.0
3252,1119.6,-1000.0
3253,1119.7,-1000.0
3254,1119.8,-1000.0
3255,1119.9,-964.5
3256,1120.0,-932.4
3257,1120.1,-818.9
3258,1120.2,-832.6
3259,1120.3,-771.8
3260,1120.4,-1000.0
3261,1120.5,-857.5
3262,1120.6,-1000.0
3263,1120.7,-1000.0
3264,1120.8,-1000.0
3265,1120.9,-854.8
3266,1121.0,-1000.0
3267,1121.1,-1000.0
3268,1121.2,-990.4
3269,1121.3,-977.4
3270,1121.4,-852.6
3271,1121.5,-694.1
3272,1121.6,-475.5
3273,1121.7,-405.5
3274,1121.8,-235.5
3275,1121.9,-104.3
3276,1122.0,-43.5
3277,1122.1,46.0
3278,1122.2,92.8
3279,1122.3,202.0
3280,1122.4,204.9
3281,1122.5,159.7
3282,1122.6,267.1
3283,1122.7,269.9
3284,1122.8,218.3
3285,1122.9,187.2
3286,1123.0,232.8
3287,1123.1,239.7
3288,1123.2,186.5
3289,1123.3,323.6
3290,1123.4,275.2
3291,1123.5,204.7
3292,1123.6,195.3
3293,1123.7,205.7
3294,1123.8,263.9
3295,1123.9,238.8
3296,1124.0,291.5
3297,1124.1,339.7
3298,1124.2,255.6
3299,1124.3,327.5
3300,1124.4,313.0
3301,1124.5,295.8
3302,1124.6,54.2
3303,1124.7,-32.7
3304,1124.8,136.9
3305,1124.9,16.7
3306,1125.0,292.7
3307,1125.1,21.2
3308,1125.2,336.4
3309,1125.3,408.9
3310,1125.4,338.0
3311,1125.5,249.7
3312,1125.6,350.4
3313,1125.7,194.5
3314,1125.8,434.1
3315,1125.9,135.9
3316,1126.0,260.9
3317,1126.1,341.8
3318,1126.2,-64.0
3319,1126.3,-453.4
3320,1126.4,-1000.0
3321,1126.5,-1000.0
3322,1126.6,-1000.0
3323,1126.7,-1000.0
3324,1126.8,-1000.0
3325,1126.9,-1000.0
3326,1127.0,-1000.0
3327,1127.1,-1000.0
3328,1127.2,-1000.0
3329,1127.3,-1000.0
3330,1127.4,-1000.0
3331,1127.5,-1000.0
3332,1127.6,-1000.0
3333,1127.7,-991.7
3334,1127.8,-1000.0
3335,1127.9,-963.4
3336,1128.0,-797.9
3337,1128.1,-514.6
3338,1128.2,-348.8
3339,1128.3,-270.1
3340,1128.4,-266.4
3341,1128.5,-198.3
3342,1128.6,-178.1
3343,1128.7,-148.7
3344,1128.8,-104.2
3345,1128.9,-98.6
3346,1129.0,-108.2
3347,1129.1,101.7
3348,1129.2,148.4
3349,1129.3,183.8
3350,1129.4,205.3
3351,1129.5,224.8
3352,1129.6,245.0
3353,1129.7,315.4
3354,1129.8,271.6
3355,1129.9,287.8
3356,1130.0,229.2
3357,1130.1,330.6
3358,1130.2,333.0
3359,1130.3,209.4
3360,1130.4,139.2
3361,1130.5,94.1
3362,1130.6,21.8
3363,1130.7,-134.6
3364,1130.8,-279.2
3365,1130.9,-339.2
3366,1131.0,-449.0
3367,1131.1,-599.9
3368,1131.2,-777.8
3369,1131.3,-910.9
3370,1131.4,-974.2
3371,1131.5,-1000.0
3372,1131.6,-1000.0
3373,1131.7,-1000.0
3374,1131.8,-987.9
3375,1131.9,-1000.0
3376,1132.0,-983.3
3377,1132.1,-1000.0
3378,1132.2,-1000.0
3379,1132.3,-884.8
3380,1132.4,-914.9
3381,1132.5,-333.6
3382,1132.6,-127.0
3383,1132.7,-76.8
3384,1132.8,-39.1
3385,1132.9,566.1
3386,1133.0,-92.9
3387,1133.1,-483.1
3388,1133.2,-878.1
3389,1133.3,-1000.0
3390,1133.4,-1000.0
3391,1133.5,-1000.0
3392,1133.6,-850.2
3393,1133.7,-1000.0
3394,1133.8,-1000.0
3395,1133.9,-1000.0
3396,1134.0,-1000.0
3397,1134.1,-1000.0
3398,1134.2,-1000.0
3399,1134.3,-839.0
3400,1134.4,-1000.0
3401,1134.5,-1000.0
3402,1134.6,-1000.0
3403,1134.7,-1000.0
3404,1134.8,-792.5
3405,1134.9,-1000.0
3406,1135.0,-1000.0
3407,1135.1,-936.8
3408,1135.2,-989.8
3409,1135.3,-693.0
3410,1135.4,-507.8
3411,1135.5,-360.1
3412,1135.6,-254.6
3413,1135.7,-182.1
3414,1135.8,-56.8
3415,1135.9,11.3
3416,1136.0,171.9
3417,1136.1,153.7
3418,1136.2,220.8
3419,1136.3,190.3
3420,1136.4,195.9
3421,1136.5,202.4
3422,1136.6,194.4
3423,1136.7,213.0
3424,1136.8,203.2
3425,1136.9,226.7
3426,1137.0,223.1
3427,1137.1,197.8
3428,1137.2,175.2
3429,1137.3,222.5
3430,1137.4,211.2
3431,1137.5,312.5
3432,1137.6,206.9
3433,1137.7,226.4
3434,1137.8,259.3
3435,1137.9,234.6
3436,1138.0,299.0
3437,1138.1,341.8
3438,1138.2,248.2
3439,1138.3,269.4
3440,1138.4,237.5
3441,1138.5,265.6
3442,1138.6,383.8
3443,1138.7,306.4
3444,1138.8,297.9
3445,1138.9,206.8
3446,1139.0,273.3
3447,1139.1,337.9
3448,1139.2,458.7
3449,1139.3,187.4
3450,1139.4,274.0
3451,1139.5,164.8
3452,1139.6,118.3
3453,1139.7,275.8
3454,1139.8,543.5
3455,1139.9,311.6
3456,1140.0,196.1
3457,1140.1,377.0
3458,1140.2,425.7
3459,1140.3,258.0
3460,1140.4,178.3
3461,1140.5,506.2
3462,1140.6,332.8
3463,1140.7,211.8
3464,1140.8,-123.7
3465,1140.9,-554.7
3466,1141.0,-1000.0
3467,1141.1,-1000.0
3468,1141.2,-1000.0
3469,1141.3,-1000.0
3470,1141.4,-1000.0
3471,1141.5,-1000.0
3472,1141.6,-947.3
3473,1141.7,-1000.0
3474,1141.8,-1000.0
3475,1141.9,-979.5
3476,1142.0,-1000.0
3477,1142.1,-795.3
3478,1142.2,-993.4
3479,1142.3,-1000.0
3480,1142.4,-1000.0
3481,1142.5,-1000.0
3482,1142.6,-1000.0
3483,1142.7,-825.3
3484,1142.8,-830.1
3485,1142.9,-358.4
3486,1143.0,-300.1
3487,1143.1,-244.7
3488,1143.2,-215.8
3489,1143.3,-180.7
3490,1143.4,-152.8
3491,1143.5,-111.5
3492,1143.6,-103.3
3493,1143.7,-64.8
3494,1143.8,-39.7
3495,1143.9,85.9
3496,1144.0,155.3
3497,1144.1,228.2
3498,1144.2,242.4
3499,1144.3,274.9
3500,1144.4,227.5
3501,1144.5,229.4
3502,1144.6,250.8
3503,1144.7,248.7
3504,1144.8,270.6
3505,1144.9,281.3
3506,1145.0,172.7
3507,1145.1,291.4
3508,1145.2,199.1
3509,1145.3,128.8
3510,1145.4,117.9
3511,1145.5,-20.5
3512,1145.6,-119.1
3513,1145.7,-204.2
3514,1145.8,-273.4
3515,1145.9,-433.7
3516,1146.0,-494.1
3517,1146.1,-564.9
3518,1146.2,-767.3
3519,1146.3,-921.7
3520,1146.4,-981.4
3521,1146.5,-1000.0
3522,1146.6,-1000.0
3523,1146.7,-1000.0
3524,1146.8,-1000.0
3525,1146.9,-1000.0
3526,1147.0,-919.7
3527,1147.1,-1000.0
3528,1147.2,-1000.0
3529,1147.3,-1000.0
3530,1147.4,-1000.0
3531,1147.5,-791.4
3532,1147.6,-639.0
3533,1147.7,-418.1
3534,1147.8,-137.0
3535,1147.9,20.4
3536,1148.0,47.9
3537,1148.1,546.9
3538,1148.2,-11.3
3539,1148.3,367.1
3540,1148.4,-270.6
3541,1148.5,-592.0
3542,1148.6,-740.8
3543,1148.7,-1000.0
3544,1148.8,-1000.0
3545,1148.9,-1000.0
3546,1149.0,-1000.0
3547,1149.1,-1000.0
3548,1149.2,-1000.0
3549,1149.3,-1000.0
3550,1149.4,-1000.0
3551,1149.5,-1000.0
3552,1149.6,-1000.0
3553,1149.7,-1000.0
3554,1149.8,-942.0
3555,1149.9,-1000.0
3556,1150.0,-1000.0
3557,1150.1,-1000.0
3558,1150.2,-1000.0
3559,1150.3,-1000.0
3560,1150.4,-1000.0
3561,1150.5,-1000.0
3562,1150.6,-1000.0
3563,1150.7,-1000.0
3564,1150.8,-807.9
3565,1150.9,-641.1
3566,1151.0,-438.4
3567,1151.1,-286.9
3568,1151.2,-141.0
3569,1151.3,-46.0
3570,1151.4,3.5
3571,1151.5,135.4
3572,1151.6,205.0
3573,1151.7,281.1
3574,1151.8,220.8
3575,1151.9,195.8
3576,1152.0,206.9
3577,1152.1,212.0
3578,1152.2,232.1
3579,1152.3,183.6
3580,1152.4,181.2
3581,1152.5,219.1
3582,1152.6,229.8
3583,1152.7,232.9
3584,1152.8,256.2
3585,1152.9,330.4
3586,1153.0,230.6
3587,1153.1,222.0
3588,1153.2,289.1
3589,1153.3,333.2
3590,1153.4,222.0
3591,1153.5,339.2
3592,1153.6,356.4
3593,1153.7,254.4
3594,1153.8,222.1
3595,1153.9,14.9
3596,1154.0,69.2
3597,1154.1,153.7
3598,1154.2,494.4
3599,1154.3,-23.2
3600,1154.4,427.9
3601,1154.5,194.7
3602,1154.6,574.2
3603,1154.7,242.2
3604,1154.9,301.5
3605,1155.0,501.8
3606,1155.1,340.0
3607,1155.2,171.6
3608,1155.3,224.3
3609,1155.4,-38.3
3610,1155.5,-758.9
3611,1155.6,-1000.0
3612,1155.7,-999.5
3613,1155.8,-1000.0
3614,1155.9,-990.0
3615,1156.0,-1000.0
3616,1156.1,-1000.0
3617,1156.2,-949.6
3618,1156.3,-1000.0
3619,1156.4,-1000.0
3620,1156.5,-1000.0
3621,1156.6,-1000.0
3622,1156.7,-831.1
3623,1156.8,-1000.0
3624,1156.9,-1000.0
3625,1157.0,-1000.0
3626,1157.1,-722.6
3627,1157.2,-408.2
3628,1157.3,-268.6
3629,1157.4,-258.4
3630,1157.5,-234.8
3631,1157.6,-133.0
3632,1157.7,-140.2
3633,1157.8,-121.1
3634,1157.9,-126.2
3635,1158.0,-49.5
3636,1158.1,69.2
3637,1158.2,189.5
3638,1158.3,192.9
3639,1158.4,223.7
3640,1158.5,189.1
3641,1158.6,262.2
3642,1158.7,277.5
3643,1158.8,184.4
3644,1158.9,236.9
3645,1159.0,205.5
3646,1159.1,263.3
3647,1159.2,207.0
3648,1159.3,311.0
3649,1159.4,278.5
3650,1159.5,200.3
3651,1159.6,119.1
3652,1159.7,53.4
3653,1159.8,-49.6
3654,1159.9,-124.0
3655,1160.0,-249.6
3656,1160.1,-324.7
3657,1160.2,-489.2
3658,1160.3,-555.8
3659,1160.4,-608.3
3660,1160.5,-846.5
3661,1160.6,-934.7
3662,1160.7,-996.1
3663,1160.8,-1000.0
3664,1160.9,-1000.0
3665,1161.0,-1000.0
3666,1161.1,-1000.0
3667,1161.2,-1000.0
3668,1161.3,-1000.0
3669,1161.4,-1000.0
3670,1161.5,-1000.0
3671,1161.6,-1000.0
3672,1161.7,-1000.0
3673,1161.8,-1000.0
3674,1161.9,-825.8
3675,1162.0,-435.7
3676,1162.1,-119.4
3677,1162.2,79.2
3678,1162.3,217.4
3679,1162.4,397.0
3680,1162.5,14.0
3681,1162.6,-179.9
3682,1162.7,-423.7
3683,1162.8,-680.6
3684,1162.9,-941.9
3685,1163.0,-1000.0
3686,1163.1,-943.9
3687,1163.2,-1000.0
3688,1163.3,-1000.0
3689,1163.4,-1000.0
3690,1163.5,-1000.0
3691,1163.6,-1000.0
3692,1163.7,-1000.0
3693,1163.8,-1000.0
3694,1163.9,-1000.0
3695,1164.0,-1000.0
3696,1164.1,-1000.0
3697,1164.2,-1000.0
3698,1164.3,-785.3
3699,1164.4,-1000.0
3700,1164.5,-1000.0
3701,1164.6,-1000.0
3702,1164.7,-742.2
3703,1164.8,-1000.0
3704,1164.9,-950.7
3705,1165.0,-1000.0
3706,1165.1,-917.8
3707,1165.2,-759.1
3708,1165.3,-558.5
3709,1165.4,-440.4
3710,1165.5,-343.2
3711,1165.6,-266.8
3712,1165.7,-170.4
3713,1165.8,-33.2
3714,1165.9,28.8
3715,1166.0,29.7
3716,1166.1,146.1
3717,1166.2,208.9
3718,1166.3,212.3
3719,1166.4,206.0
3720,1166.5,209.7
3721,1166.6,243.5
3722,1166.7,213.2
3723,1166.8,151.8
3724,1166.9,220.6
3725,1167.0,194.9
3726,1167.1,202.9
3727,1167.2,187.7
3728,1167.3,159.2
3729,1167.4,144.2
3730,1167.5,175.5
3731,1167.6,219.9
3732,1167.7,286.6
3733,1167.8,243.8
3734,1167.9,229.6
3735,1168.0,298.3
3736,1168.1,324.9
3737,1168.2,346.8
3738,1168.3,279.2
3739,1168.4,273.1
3740,1168.5,245.5
3741,1168.6,250.9
3742,1168.7,227.0
3743,1168.8,360.1
3744,1168.9,311.4
3745,1169.0,308.7
3746,1169.1,252.0
3747,1169.2,121.9
3748,1169.3,-23.2
3749,1169.4,199.1
3750,1169.5,484.3
3751,1169.6,-47.0
3752,1169.7,99.8
3753,1169.8,218.8
3754,1169.9,160.6
3755,1170.0,123.3
3756,1170.1,265.6
3757,1170.2,437.3
3758,1170.3,497.6
3759,1170.4,307.6
3760,1170.5,322.1
3761,1170.6,144.2
3762,1170.7,387.5
3763,1170.8,167.2
3764,1170.9,520.5
3765,1171.0,273.6
3766,1171.1,511.8
3767,1171.2,354.7
3768,1171.3,71.7
3769,1171.4,-346.5
3770,1171.5,-794.9
3771,1171.6,-1000.0
3772,1171.7,-1000.0
3773,1171.8,-1000.0
3774,1171.9,-1000.0
3775,1172.0,-1000.0
3776,1172.1,-1000.0
3777,1172.2,-1000.0
3778,1172.3,-1000.0
3779,1172.4,-1000.0
3780,1172.5,-1000.0
3781,1172.6,-1000.0
3782,1172.7,-922.6
3783,1172.8,-1000.0
3784,1172.9,-1000.0
3785,1173.0,-1000.0
3786,1173.1,-803.7
3787,1173.2,-923.0
3788,1173.3,-1000.0
3789,1173.4,-1000.0
3790,1173.5,-1000.0
3791,1173.6,-1000.0
3792,1173.7,-1000.0
3793,1173.8,-862.4
3794,1173.9,-711.2
3795,1174.0,-379.9
3796,1174.1,-285.2
3797,1174.2,-309.9
3798,1174.3,-249.8
3799,1174.4,-221.7
3800,1174.5,-186.6
3801,1174.6,-192.0
3802,1174.7,-164.0
3803,1174.8,-108.6
3804,1174.9,-125.8
3805,1175.0,-142.8
3806,1175.1,-125.1
3807,1175.2,-141.2
3808,1175.3,-48.3
3809,1175.4,47.7
3810,1175.5,156.1
3811,1175.6,189.5
3812,1175.7,195.4
3813,1175.8,267.5
3814,1175.9,222.0
3815,1176.0,178.8
3816,1176.1,228.7
3817,1176.2,247.1
3818,1176.3,210.3
3819,1176.4,263.2
3820,1176.5,251.6
3821,1176.6,239.7
3822,1176.7,212.0
3823,1176.8,273.6
3824,1176.9,231.0
3825,1177.0,201.2
3826,1177.1,189.7
3827,1177.2,187.7
3828,1177.3,145.5
3829,1177.4,139.8
3830,1177.5,44.8
3831,1177.6,-16.7
3832,1177.7,-71.5
3833,1177.8,-159.2
3834,1177.9,-171.0
3835,1178.0,-203.1
3836,1178.1,-300.4
3837,1178.2,-330.8
3838,1178.3,-422.5
3839,1178.4,-494.9
3840,1178.5,-558.2
3841,1178.6,-620.0
3842,1178.7,-741.7
3843,1178.8,-832.6
3844,1178.9,-939.5
3845,1179.0,-903.2
3846,1179.1,-998.0
3847,1179.2,-1000.0
3848,1179.3,-1000.0
3849,1179.4,-1000.0
3850,1179.5,-1000.0
3851,1179.6,-1000.0
3852,1179.7,-970.7
3853,1179.8,-1000.0
3854,1179.9,-934.7
3855,1180.0,-892.2
3856,1180.1,-980.6
3857,1180.2,-1000.0
3858,1180.3,-1000.0
3859,1180.4,-1000.0
3860,1180.5,-1000.0
3861,1180.6,-1000.0
3862,1180.7,-1000.0
3863,1180.8,-1000.0
3864,1180.9,-1000.0
3865,1181.0,-1000.0
3866,1181.1,-1000.0
3867,1181.2,-1000.0
3868,1181.3,-916.0
3869,1181.4,-706.2
3870,1181.5,-806.6
3871,1181.6,-647.0
3872,1181.7,-614.7
3873,1181.8,-537.9
3874,1181.9,-339.4
3875,1182.0,-214.3
3876,1182.1,-342.6
3877,1182.2,-48.4
3878,1182.3,74.5
3879,1182.4,-136.7
3880,1182.5,51.8
3881,1182.6,163.9
3882,1182.7,371.6
3883,1182.8,214.9
3884,1182.9,232.0
3885,1183.0,333.5
3886,1183.1,358.7
3887,1183.2,380.2
3888,1183.3,165.4
3889,1183.4,142.3
3890,1183.5,325.7
3891,1183.6,255.9
3892,1183.7,496.1
3893,1183.8,512.3
3894,1183.9,-234.2
3895,1184.0,202.4
3896,1184.1,-140.8
3897,1184.2,-210.3
3898,1184.3,-421.2
3899,1184.4,-439.2
3900,1184.5,-435.7
3901,1184.6,-546.4
3902,1184.7,-522.9
3903,1184.8,-807.5
3904,1184.9,-807.6
3905,1185.0,-722.1
3906,1185.1,-825.4
3907,1185.2,-944.0
3908,1185.3,-936.0
3909,1185.4,-929.6
3910,1185.5,-1000.0
3911,1185.6,-960.0
3912,1185.7,-895.6
3913,1185.8,-1000.0
3914,1185.9,-1000.0
3915,1186.0,-1000.0
3916,1186.1,-1000.0
3917,1186.2,-1000.0
3918,1186.3,-1000.0
3919,1186.4,-1000.0
3920,1186.5,-1000.0
3921,1186.6,-739.3
3922,1186.7,-1000.0
3923,1186.8,-929.5
3924,1186.9,-1000.0
3925,1187.0,-797.3
3926,1187.1,-1000.0
3927,1187.2,-1000.0
3928,1187.3,-1000.0
3929,1187.4,-1000.0
3930,1187.5,-790.8
3931,1187.6,-1000.0
3932,1187.7,-962.8
3933,1187.8,-1000.0
3934,1187.9,-1000.0
3935,1188.0,-879.3
3936,1188.1,-1000.0
3937,1188.2,-1000.0
3938,1188.3,-1000.0
3939,1188.4,-1000.0
3940,1188.5,-940.2
3941,1188.6,-1000.0
3942,1188.7,-1000.0
3943,1188.8,-1000.0
3944,1188.9,-888.7
3945,1189.0,-1000.0
3946,1189.1,-1000.0
3947,1189.2,-1000.0
3948,1189.3,-1000.0
3949,1189.4,-1000.0
3950,1189.5,-925.8
3951,1189.6,-952.3
3952,1189.7,-909.7
3953,1189.8,-1000.0
3954,1189.9,-1000.0
3955,1190.0,-1000.0
3956,1190.1,-917.1
3957,1190.2,-869.7
3958,1190.3,-1000.0
3959,1190.4,-1000.0
3960,1190.5,-1000.0
3961,1190.6,-1000.0
3962,1190.7,-1000.0
3963,1190.8,-1000.0
3964,1190.9,-1000.0
3965,1191.0,-1000.0
3966,1191.1,-1000.0
3967,1191.2,-1000.0
3968,1191.3,-956.5
3969,1191.4,-1000.0
3970,1191.5,-1000.0
3971,1191.6,-1000.0
3972,1191.7,-928.9
3973,1191.8,-1000.0
3974,1191.9,-880.5
3975,1192.0,-1000.0
3976,1192.1,-1000.0
3977,1192.2,-1000.0
3978,1192.3,-1000.0
3979,1192.4,-1000.0
3980,1192.5,-1000.0
3981,1192.6,-1000.0
3982,1192.7,-1000.0
3983,1192.8,-847.7
3984,1192.9,-1000.0
3985,1193.0,-1000.0
3986,1193.1,-1000.0
3987,1193.2,-1000.0
3988,1193.3,-1000.0
3989,1193.4,-1000.0
3990,1193.5,-980.8
3991,1193.6,-1000.0
3992,1193.7,-1000.0
3993,1193.8,-1000.0
3994,1193.9,-1000.0
3995,1194.0,-1000.0
3996,1194.1,-1000.0
3997,1194.2,-1000.0
3998,1194.3,-870.9
3999,1194.4,-1000.0
4000,1194.5,-1000.0
4001,1194.6,-1000.0
